'কে আঁকে অন্য ছবি';'মাঝে মাঝে তোমায়, ভেবে এলোমেলো লাগে সবি।
 মাঝে মাঝে তোমার চোখে, কে আঁকে অন্য ছবি।
 কিছুতে তোমার মনটা আমি বুঝতে পারিনা।
 এত চেনা তবু যেনো লাগে অচেনা।

মাঝে মাঝে আকাশে চেয়ে, উদাসী হয়ে থাকো।
 বুঝিনা যে তখন তুমি, কার কথা যে ভাবো।
 কিছুতে তোমার…..

মাঝে মাঝে কথার ফাঁকে, হঠাৎ তুমি থেমে যাও।
 বুঝিনাত যে কথাটি, আড়াল করে যে যাও।
 কিছুতে তোমার…..';'তাহসান';'কে আঁকে অন্য ছবি';'0'
'মন ভাবে তারে';'মন ভাবে তারে এই মেঘলা দিনে,
 শীতল কুয়াশাতে তার স্পর্শে,
 তার রুনুঝুন নুপুরের সাজে
 বাতাসে যেন মৃদু সুবাসে…

 নিটল পায়ে রিনিক . ঝিনিক ..
 পায়েলখানি বাজে,
 মাদল বাজে সেই সঙ্গেতে…
 শ্যামা মেয়ে নাচে…

চাঁদের অধোর যেন তোমার হাসির মাঝে,
 সোনালী আবেশে তবে সাগর হারে,
 হৃদয়ের মাঝে কবে বেঁধে ছিলে বাঁধন,
 ভালবাসা তবে কেন মনের অগচোরে….

তুমি কি আমার বন্ধু, আজ কেন বোঝনি
 তুমি কি আমার বন্ধু, কেন ভালবাসনি….';'রাজীব';'ভেরিয়েশন ২৫';'0'
'বাসকাব্য';'ছেলেটার নাম আকাশ-টাকাশ হবে
 আর মেয়েটার বর্ষা-টর্ষা কিছু,
 সেই ছেলেটার দৃষ্টি অপলকে
 বাধ্য হয়েই মেয়ের মাথা নিচু!
 তারপরেও হঠাৎ ফাঁকে-ফাঁকে
 আড়চোখে সে তাকাচ্ছিল বটে,
 চোখে-চোখে হয়নি যে- তা, না তো!
 বাসস্টপে তা অহরহই ঘটে!
 ইতিহাসের পাতাতে তাই – ‘ওরা’
 স্থান পাবে না বিপ্লবীদের মতো!
 ঠিক তখনি বাস দাঁড়ালো দু’টো
 পাশাপাশি সিটও খালি কত!
 আহা! অমন সিট যদি পায় তারা?
 তেমন ভেবেই মে’ উঠে যায় বাসে
 আজ সে যাবে উত্তরাতে, ঘরে
 ওদিক ছেলে ভার্সিটিতে, ক্লাসে!
 হায়! ছেলে তাই ভিন্ন বাসে ওঠে
 তার পাশেরও সিটটা থাকে ফাঁকা,
 বাস চলতেই মে’টা ঘুরে তাকায়
 তার দু’চোখে “থামতে বলো” আঁকা!
 কেউ থামেনি! কে থামাবে কাকে?
 সবারই যে ভীষণ রকম তাড়া!
 তাই ইতিহাস লিখলো না নাম দুটো
 তাড়ার কাছে হার মেনেছে যারা!
 তবু আজও “মন খারাপ”-এর মানে
 সবার কাছে – “বৃষ্টি” হয়েই র’বে…
 ছেলেটার নাম আকাশ-টাকাশ ছিল
 আর মেয়েটার বর্ষা-টর্ষা হবে!';'রিয়াদ হাসান';'যদি ভাবো';'0'
'যদি ভাবো';'যদি ভাবো, ভাবছি তোমায়
 ঠোঁটের মাঝে আঙ্গুল রেখেছি
 হাল্কা-হাওয়া, সন্ধ্যে বেলায়
 জেনো শুধু আমি এসেছি,

উড়তে থাকা কাগজের কোণায়
 সুতোর টানে কত গান বেঁধেছি
 ঘুরতে থাকা এ হাওয়া শোনায়
 তোমার যে গান আমি শুনেছি

রাতের আলোয় সাগর পাড়ে
 তোমার স্মৃতি আঁকড়ে থেকেছি।

বন্ধ দরজার ও পাশে প্রদীপ জ্বেলে
 কোন সুদুরের স্বপ্নে বিভোর হয়েছি
 রোদ পড়ে রয় আমার চাদর জুড়ে
 অন্ধ আবেগে তোমাতেই স্বর্গ দেখেছি

উড়তে থাকা কাগজের কোণায়
 সুতোর টানে কত গান বেঁধেছি
 ঘুরতে থাকা এ হাওয়া শোনায়
 তোমার যে গান আমি শুনেছি

রাতের আলোয় সাগর পাড়ে
 পাথরের মত আমি ক্ষয়েছি……';'রিয়াদ হাসান';'যদি ভাবো';'0'
'প্রাণনাথ';'প্রাণনাথ আসবে বলে
 কপাটখানা দাও না খুলে।

জ্বলে যায়রে পুড়ে যায়রে
 আমার হৃদ কমলা প্রাণ ভ্রমরা
 মধু খাওরে মধু খাওরে
 কলা খাওরে ডাঙ্গর হওরে
 আমার হৃদ কমলা প্রাণ ভ্রমরা
 মধু খাওরে…।।

তোমার আমার ঘরে
 ইলেক্ট্রিকের বাত্তি জ্বলে।

অফ কইরা টিপ দিলে
 চমকিয়া উঠে পিড়িতি
 করবো না লো জান পিড়িতি
 করবো না লো জান।।

তোমার আমার সনে
 টেলিফোনে কথা বনে।
 রঙ নাম্বার হইলে পরে
 কইলজাটা ফাটে পিড়িতি
 করবো না লো জান পিড়িতি
 করবো না লো জান।।

প্রমিলা বাত্তি জ্বলে
 পোলাপানে নাচে তালে।
 হটাৎ কারেন্ট চইলা গেলে
 থমকিয়া উঠে পিড়িতি
 করবো না লো জান পিড়িতি
 করবো না লো জান।।';'আজম খান';'দিদিমা';'0'
'নেই কোন অভিযোগ';'নেই কোন অভিযোগ
 জমে থাকা দুঃখ তিলে তিলে
 হয়েছে পাহাড় সমান।।
 নেই তবুও অভিমান

হৃদয়ের সুর ফেলে দিয়ে
 সাজিয়েছিলাম কাছে টেনে।

সব কিছু ভুলে হারালে তুমি
 হলো প্রেমের অবসান।।

বিরহী সুর বুকে বাজে
 পারি না তোমায় ভুলে যেতে।
 নীরবে দুঃখ *** ফেলে
 এই ছিল কী প্রতিদান।।';'আজম খান';'দিদিমা';'0'
'না না যেও না';'না না যেও না';'আজম খান';'পপ সঙ্গীত';'0'
'কেন মন কাঁদেরে';'কেন মন কাঁদেরে
 মন তো মানে না।
 এতো বুঝে এতো জানে
 চোখ তো তবু খোলে না।।

স্মৃতি যে তার মনে পড়ে
 কত দিন রাগ করে।
 সে যে তবু মুখ তুলে না।।

কত যে মেঘ জমে আছে
 ব্যাথা হয়ে বুকে বাজে
 মেঘে তবু ঝড় উঠে না।।';'আজম খান';'দিদিমা';'0'
'শোন শোন দিদি মাগো';'শোন শোন দিদি মাগো
 চাঁদে এক বুড়ি বসে সুতো কাঁটে রাতদিন';'আজম খান';'দিদিমা';'0'
'হে প্রভু দেখা দাও';'হে প্রভু দেখা দাও
 জানি আমি একদিন দেখা পাব।

হারিয়ে ফেলেছি ঠিকানা
 যেতে হবে কোথায় জানি না।

নিয়ে যাও আমাকে সেখানে
 যেখানে শান্তি রয়েছে।';'আজম খান';'দিদিমা';'0'
'নীল নীল শাড়ি পড়ে';'নীল নীল শাড়ি পড়ে
 এসেছ এ অভিসারে
 নাচো না দেখি ধীরে ধীরে
 লাজুক লাজুক পা ফেলে।।

জোনাকি ঝাকে ঝাকে
 দেখ না জ্বলে নেভে
 তাঁরাও তোমায় ডাকে
 এমন অবাক রাতে।

বসে থেকো না।
 দ্বিধা রেখো না মনে আর।।

গানের সাথে সাথে
 নাচো না হেলে দুলে
 তাকাও আমার চোখে
 নিড়ির প্রেমের রাতে।

তুমি থেমো না।
 তুমি থেমো না যেন আর।।';'হ্যাপী আখন্দ';'পপ সঙ্গীত';'0'
'সাধের লাউ';'ভালবাসা এই জনমে আমি পাইলাম না
 কোথায় আছি কোথায় যাব কিছু জানি না,
 ও আমি কিছুই জানি না…
 (ভাগ্য যার মন্দ হয় কপাল তার সুখ না সয়
 এই জনমে আইজ আমি সুখ তো পাইলাম না
 ও আমি সুখ তো পাইলাম না…

তাকধুমাধুম তাকধুমাধুম
 মোদের চোখে নাই তো ঘুম।

গ্রামে গঞ্জে মাঠে ঘাটে
 সকাল দুপুর রাত্রি কাটে

তাকধুমাধুম তাকধুমাধুম
 মোদের চোখে নাই তো ঘুম।)

লাউ, বানাইলো মোরে বৈরাগী
 সাধের লাউ বানাইলো মোরে বৈরাগী

লাউয়ের আগা খাইলাম ডোগাগো খাইলাম
 আগা খাইলাম গো।
 লাউ দে বালাইলাম ডুগডুগি
 (হায়রে) লাউ দে বালাইলাম তরকারি

সাধের লাউ বানাইলো মোরে বৈরাগী।

আমি গয়া গেলাম কাশি গো গেলাম
 গয়া গেলাম গো
 আমি গয়া গেলাম কাশি গো গেলাম
 সঙ্গে নাই মোর বৈষ্ণবী

সঙ্গে নাই মোর বৈষ্ণবী
 সাধের লাউ বানাইলো মোরে বৈরাগী

লাউয়ে এতো মধু করলো গো যাদু
 এতো মধু গো
 লাউয়ে এতো মধু করলো গো যাদু
 লাউ করলাম সঙ্গের সঙ্গী
 (হায়রে) লাউ করলাম সঙ্গের সঙ্গী
 সাধের লাউ বানাইলো মোরে বৈরাগী

লাউয়ের আগা খাইলাম ডোগাগো খাইলাম
 আগা খাইলাম গো।
 লাউ দে বালাইলাম ডুগডুগি
 (হায়রে) লাউ দে বালাইলাম তরকারি

সাধের লাউ বানাইলো মোরে বৈরাগী।

লাউয়ের আগা খাইলাম ডোগাগো খাইলাম
 আগা খাইলাম গো।
 লাউ দে বালাইলাম ডুগডুগি
 (হায়রে) লাউ দে বালাইলাম তরকারি

সাধের লাউ বানাইলো মোরে বৈরাগী।

(তাকধুমাধুম তাকধুমাধুম
 মোদের চোখে নাই তো ঘুম।

গ্রামে গঞ্জে মাঠে ঘাটে
 সকাল দুপুর রাত্রি কাটে

তাকধুমাধুম তাকধুমাধুম
 মোদের চোখে নাই তো ঘুম।)';'ফেরদৌস ওয়াহিদ';'প্রচলিত';'0'
'আমার ছেলেবেলা';'অংক নিয়ে বসলে আমার
 কখন কি যে হয়
 টেবিলটাও পর হয়ে যায়
 বই গুলো সব ভয়
 ভয়ের চোটে ভাবতে থাকি
 শহর ভেঙ্গে কেউ
 দালান কোঠা বিছিয়ে দিয়ে
 তোলে ক্ষেতের ঢেউ
 যদি পেতাম আমি আবার
 হারিয়ে যাওয়া সেই ছবি
 ফিরে যেতাম আমি আবার
 ছেলেবেলার দিন গুলি
 ও হো হো আমার ছেলেবেলা
 ও হো হো খেলায় সারাবেলা
 ও হো হো আমার ছেলেবেলা';'চারু';'আমার ছেলে বেলা';'0'
'অজানা কোন পথে';'অজানা কোন পথে চলেছি জানি না
 জানি না বুঝি চিলেছি জানি না।।

মনেরই আড়ালে ছিলে তুমি (হায়)
 তবে কেন সরে থাকো।।

যাবি কী যাব না ভেবে পাই না
 শুধু জ্বালা এই মনে।।';'ফেরদৌস ওয়াহিদ';'পপ সঙ্গীত';'0'
'কেমন করে তোমাকে আমি';'কেমন করে তোমাকে আমি ভালবাসি জানি না
 শুধু জানি তুমি যে আমার না।

এমন কলি অনেক আছে
 ফুল হয়ে ফোটে না
 এমনও রাত অনেক আছে
 যে রাতে তাঁরা উঠে না
 তুমিও যে সে তাঁরা হয়ে
 আমার জীবন থেকে ঝরে গেলে।।

বিদায় নেবার আগে ওগো
 বলে যেতে চাই
 সুখের বাসরে না হোক তোমারে
 দুখের রাতে যেন পাই
 সারাটি জীবন শুধু এমনই একি
 ভুলের খেলা খেলা গেলাম।।';'ফেরদৌস ওয়াহিদ';'পপ সঙ্গীত';'0'
'আহারে খোদার বান্দা';'(হেই)
 আহারে খোদার বান্দা
 কার প্রেমে আছ আন্ধা
 একদিন তোর হবে আন্ধার
 সেইদিন ভবে বোঝা দায়

টাকা পয়সা জমিদারী
 করিতেছ বাহাদুরিরে।
 ওরে ভুলে গেছ বাপ মা নামই রে (ভোলা মন)
 ওরে ভুলে গেছ বাপ মা নামই এই দুনিয়ার।।

যৌবনে লাগিবে ভাটি
 গায়ের রক্ত হবে পানি রে
 ওরে বুড়ায় যখন লাঠি ধরে যায় (ভোলা মন)
 ওরে বুড়ায় যখন লাঠি ধরে ধীরে ধীরে যায়।।';'ফেরদৌস ওয়াহিদ';'পপ সঙ্গীত';'0'
'রাখী';'রাখী….. ও রাখী
 রাখী ও আমার লক্ষীসোনা রাখী
 তুই আমার অবুঝ মনের সবুজ টিয়াপাখি
 তোরে ছাড়া একলা ঘরে কেমন করে থাকি।।

চোরাকাটা কাজল রাঙা তোর দুটি চোখে
 আমার নয়ন দুটি শুধু চেয়ে চেয়ে থাকে।
 তুই আমার জীবন মরণ চিরদিনের সাথী।।

থাকিস যদি আমার পাশে কত ভাল লাগে
 তোর হাতের পরশ পেলে আরো ভাল লাগে।
 শুনে যা তুই কিছু কথা যা ছিল বাকী।।';'ফেরদৌস ওয়াহিদ';'মানিক';'0'
'পলাতক সময়ের হাত ধরে';'পলাতক সময়ের হাত ধরে
 পালিয়ে গিয়েছে সেই দিনগুলো
 হারিয়ে গিয়েছে সেই ক্ষণগুলো
 হায় আসবে না জানি ফিরে

হাসি গানে ভরা সেই দিনগুলো।
 হাসি গানে ভরা সেই দিনগুলো।

সঙ্গীরা ছিল যারা গেল কোথায়
 আমি কোথায় আর তুমি কোথায়।
 জীবন কী ঢেকে গেল নিজেরই ছায়ায়
 হায় ফিরে আসবে কি না বলো সেই দিনগুলো
 হাসি গানে ভরা সেই দিনগুলো।।

হাসি হাসি মুখগুলো যাই নি ভুলে
 ছোট ছোট নামগুলো যাই নি ভুলে।
 এখনও হৃদয়ে তারা ঢেউ যে তুলে
 হায় ফিরে আসবে কি না বলো সেই দিনগুলো
 হাসি গানে ভরা সেই দিনগুলো।।';'ফেরদৌস ওয়াহিদ';'লাকী আখন্দ';'0'
'সব আগুন যায় নেভানো';'সব আগুন যায় নেভানো
 হায় আগুন লাগলে মনে
 সে আগুন নেভে না নেভে না
 মনেরই দাম বোঝে না যে
 মনের ব্যাথা খুজে না যে
 তারে মন দেবে না দেবে না।।

হে….
 আগে পিছে ভেবে নিয়ে তবে দিও মন
 তা না হলে মনে ব্যাথা পাবে অকারণ।
 ও ব্যাথা পেলে মনে গোচে না কোন কালে
 হে ব্যাথা পেলে মনে গোচে না কোন কালে
 সে ব্যাথা মোছে না মোছে না।।

হে….
 আমি এক নিদয়ারে ভালবেসেছি
 সে তো হায় কথা দিয়ে কথা রাখ নি
 এ আঁখি ঝর ঝর বেদনায় ঝরে শুধু
 বাধা হায় মানে না মানে না।।';'ফেরদৌস ওয়াহিদ';'পপ সঙ্গীত';'0'
'আসি আসি বলে তুমি আর এলে না';'আসি আসি বলে তুমি আর এলে না।
 সেই দিন থেকে জীবনের সাথে শুরু সাধনা।।

অভিমান কেন করে গিয়েছ বহু দূরে।
 জানি না কে হারে কে জিতে (তুত তুরু তু রু)।।

ঝড়ে পাখি পড়ে কভু কী ফেরে নীড়ে।
 আমও চলেছি বহু দূরে (হে হে হে…)।।';'আজম খান';'আজম খান';'0'
'ওরে সালেকা ওরে মালেকা';'ওরে সালেকা ওরে মালেকা।
 ও রে ফুলবানু পারলি না বাঁচাতে।।

পাশের গায়ে ছিল সে যে
 রোজই যেতো এ পথ দিয়ে।
 কেন? সাধনা তার! ভেঙ্গে গেল
 ও ও ও………. ।।

সাঝের বেলায় নদীর তীরে
 সেই যে গেল এলো না ফিরে।
 কেন? হিংস্র স্রোত! নিয়ে গেল (ও ও ও…)।।

আমি একা অবশেষে
 কী পেলাম হায় ভালবেসে।
 গেল আমায় ছেড়ে চলে গেল (ও ও ও …)।।';'আজম খান';'আজম খান';'0'
'জীবনে কিছু পাব নারে';'জীবনে কিছু পাব নারে
 ভুলিনি সে ভাবনা।

ফিরে এসো মোর কাছে
 বলো আমারই থাকবে
 আর কোনদিন ছেড়ে যাবে না।

চলে যেতে চাও অজানায়
 একা যেও না
 ভেবে শুনে করো কাজ
 পরে ভেবো না।

না না না ভেবে দেখ
 একা একে যেও না

জীবনে কিছু পাব নারে
 ভুলিনি সে ভাবনা। (হেই)';'আজম খান';'আজম খান';'0'
'হারিয়ে গেছে খুজে পাবো না';'হারিয়ে গেছে খুজে পাবো না।

এতো দিনের আশা হল নিরাশা।
 যদি জানিতাম তবে আর
 মিছে মরিতাম না।।

ভালবাসা শুধু মিছে আশা।
 এ জীবনে তারে আর
 ফিরে পাব না।।';'আজম খান';'আজম খান';'0'
'জীবনে মরণ কেন আসে';'(ইতিহাস যুগে যুগে স্বাক্ষী দিয়েছে
 শত ধ্বংস প্রেমের স্মৃতি শুধু রয়েছে
 ফেলে আসা দিলগুলো ডাকে পিছনে
 মন বলে যাব যেথা যাব সেখানে
 সেখানে যাওয়া কী যায়
 জীবনে মরণ কেন আসে)

জীবনে মরণ কেন আসে।।

গানে ভরা এ মনটা চিরদিনের নয়
 ভূবনে সব স্মৃতিগুলো রেখে যেতে হয়
 আলো ঘেরা জীবনে আধার কেন বয়।।

জগতের রীতি নীতি সবাই চলে যায়
 কে কখন ছেড়ে যাবে বলা বড় যায়।
 ঘন্টা যখন বেজে যাবে দেখবি সময় নাই।।

সুখ দুখ সবই আছে সুর সাধনায়
 বারে বারে প্রানে তাই ভালবাসা চাই।
 ভালবাসার মাশে একটা দাগ রেখে যাই।।';'আজম খান';'আজম খান';'0'
'ইস্কুল খুইলাছে মওলা';'ইস্কুল খুইলাছে মওলা, ইস্কুল খুইলাছে, হে হে
 গাউসুল আজম মাইজভান্ডারী ইস্কুল খুইলাছে।।

সেই ইস্কুলের এমনি ধারা মায়না পড়ায় তারা। হেই
 ওরে সিনায় সিনায় লেখাপড়া রে
 ওরে সিনায় সিনায় লেখাপড়া শিক্ষা দিতেছে
 গাউসুল আজম মাইজভান্ডারী ইস্কুল খুইলাছে।। 

সেই ইস্কুলের এমনি ধারা কেইকো বিচার জোয়ান বুড়া। হেই
 ওরে খাতা কলম ছাড়াই তারা রে
 ওরে খাতা কলম ছাড়াই তারা শিক্ষা দিতেছে
 গাউসুল আজম মাইজভান্ডারী ইস্কুল খুইলাছে।।';'ফিরোজ সাঁই';'এক সেকেন্ডর নাই ভরসা';'0'
'ইঞ্জিন যদি চইলা যায় ডাব্বা লইয়া কি হইবো';'ইঞ্জিন যদি চইলা যায় ডাব্বা লইয়া কি হইবো।
 মাটির জিনিস মাটির মাঝেই মাটি হইয়া যাইবো
 মাটির জিনিস মাটির মাঝেই মাটি হইয়া যাইবো।।

হাওয়ার মাঝে বসতবাড়ি হাওয়ায় করি হুরাহুরি।
 এই হাওয়া থাইম্যা গেলে হুইসাল বাজাইবো। (আরে)
 মাটির জিনিস মাটির মাঝেই মাটি হইয়া যাইবো
 মাটির জিনিস মাটির মাঝেই মাটি হইয়া যাইবো।।

কিসের এত বাহাদুরি আপনা লাইয়া হুরাহুরি।
 ঐ পাড়ে পাপ পূণ্যের হদিস বসাইবো। (আরে)
 মাটির জিনিস মাটির মাঝেই মাটি হইয়া যাইবো
 মাটির জিনিস মাটির মাঝেই মাটি হইয়া যাইবো।।';'ফিরোজ সাঁই';'এক সেকেন্ডর নাই ভরসা';'0'
'গন্ডগোলে পইড়া গেলে';'গন্ডগোলে পইড়া গেলে, (আরে) পাবলিক তোমায় বাঁচাইবোনা
 নোটিশ ছাড়া পুলিশ ধরবো ছাইড়া দিব না রে
 উকিল মুক্তার যতই ধর বেল পাইবা না।। রে

বাপের কামাই খাইয়া কর কতই বাহাদুরি।
 নিজের ঘরে সিঁদ কাটিয়া নিজেই কর চুরি।। ও দোস্ত রে
 টের পাইলে একদিন ভাত পাইবা না
 ত্যাজ্যপুত্র কইরা দিব জায়গা দিব না।।

ফন্দি ফিকির ছাইড়া দিয়া সোজা রাস্তা ধর
 অসৎ লোকের সঙ্গ ছাইড়া মনে মসজিদ ধর।। ও দোস্ত রে
 এখন সময় আছে ভালা হইয়া যাও রে
 ওস্তাদের মাইর শেষ রাইতে তাও কী জান না রে
 ওস্তাদের মাইর শেষ রাইতে তাও কী জান না।।';'ফিরোজ সাঁই';'এক সেকেন্ডর নাই ভরসা';'0'
'ভালবাস মানুষেরে যদি চাও তুমি তাঁরে';'ভালবাস মানুষেরে যদি চাও তুমি তাঁরে
 সেতো আছে মানুষেরই অন্তরে নাও খুজে
 হই আমি কী পাব তাঁরে
 হই আমি কী পাব তাঁরে, হো হো হো।।

চেয়ে দেখ সেই চোখে সৃষ্টির সেরা সে যে।
 তাঁরই তো দান তাঁরই তো মান
 গেয়ে যাই ভুবনে।।

মিছে কেন খুজো তাঁরে সে তো আছে সাবার মাঝে।
 তাঁরই মান তো তাঁরই তো গান
 গেয়ে যাই জীবনে।।';'ফিরোজ সাঁই';'এক সেকেন্ডর নাই ভরসা';'0'
'আইসা ভবে ফাইসা গেলাম';'আইসা ভবে ফাইসা গেলাম
 ঘরের চাবি পররে দিলাম।।

হাজার নামে ডাক ছাড়িয়া
 ভুইলা গেলাম নিজেরই নাম।।

বাপের ধন খোয়াইলাম পুতে
 পুতের ধন খায় বার ভুতে।

এখন, চিন্তা জ্বরে বইতে শুইতে।
 অচিন হইলো নিজের মোকাম।।

সজাগ হই খোয়াবের ঘোরে
 মনের মাল নেয় বড় চোরে।

এখন, হস্তে বেড়ি করজোড়ে
 বিচারে হই নিজের গোলাম।।';'ফিরোজ সাঁই';'এক সেকেন্ডর নাই ভরসা';'0'
'ও গরিয়া তুই কোথায়রে';'ও..ও..ও.. গরিয়া তুই কোথায়রে
 ওহো ও হো হো গরিয়া…

তরে ছাড়া পরাণ বাঁচে না হা হা হা
 হে গরিয়া
 তরে ছাড়া পরাণ বাঁচে না।

তরে ছাড়া পরাণ বাঁচে না।
 তরে ছাড়া পরাণ বাঁচে না।
 তরে ছাড়া পরাণ বাঁচে না।

তরে ছাড়া পরাণ বাঁচে না।
 তরে ছাড়া পরাণ বাঁচে না।
 তরে ছাড়া পরাণ বাঁচে না।

থাকিস তুই বিদেশেতে চিঠি লিখিস না
 থাকি আমি কত কাছে তা তুই জানিস না
 আরে মনে মনে এত ব্যাথা দিয়ে আর আসিস না
 হায় ব্যাথা আমি তোরে দিমু কেনে ভুল বুঝিস না।

যারে তুই দূরে সরে কথা কবো না
 আয় যা চাবি দিমু তোরে মান করিস না
 আরে বারে বারে এত বাহানা এনে লোভ দেখাইস না
 মাইরি ভালবাসি তোরে ভুল বুঝিস না।

তরে ছাড়া পরাণ বাঁচে না হা হা হা
 হে গরিয়া
 তরে ছাড়া পরাণ বাঁচে না।';'ফিরোজ সাঁই';'এক সেকেন্ডর নাই ভরসা';'0'
'মন তুই দেখলি না রে';'মন তুই দেখলি না রে
 মন তুই চিনলি না রে
 মন মানুষ বিরাজ করে আমার দিল্লীশ্বরে, আমার দিল্লীশ্বরে

মনের মানুষ আছে ঢাকা সাধন করলে পাবে দেখা।
 মনের মানুষ আছে ঢাকা সাধন করলে পাবে দেখা।
 শক্ত কইরা তারে ধর রে

মর্শিদের দিলে ঠাই মিলবে আকাশের চাঁদ।
 পাপ যন্ত্রনা যাবে মুই ছাড়ি।।

সূর্য যে ডুইবা যায়, দিন যে মোর চইলা যায়।
 সুময় থাকতে ডাক আল্লাহর নাম রে

মর্শিদের দিলে ঠাই, মিলবে আকাশের চাঁদ।
 পাপ যন্ত্রনা যাবে মুই ছাড়ি।।

তল্লাসা ঘোড়া ভাই, জীন গদির লাগাম নাই।
 ছাইড়া দিলাম কাম সাগর পাতাল রে

মর্শিদের দিলে ঠাই, মিলবে আকাশের চাঁদ।
 পাপ যন্ত্রনা যাবে মুই ছাড়ি।।';'ফিরোজ সাঁই';'এক সেকেন্ডর নাই ভরসা';'0'
'স্বাদের লাউ বানাইলো মোরে বৈরাগী';'স্বাদের লাউ বানাইলো মোরে বৈরাগী
 স্বাদের লাউ বানাইলো মোরে বৈরাগী।

লাউয়ের আগা খাইলাম ডুগা খাইলাম, আগা খাইলাম রে
 লাউয়ের আগা খাইলাম ডুগা গো খাইলাম
 লাউ দিয়া খাই তরকারি

আমি লাউ দিয়া বানাই কি বানাই, কি বানাই ডুগডুগি।।

আমি গয়া যাব কাশি যাব, গয়া যাব রে।
 সঙ্গে নেই মোর,
 আমি গয়া যাব কাশি যাব।
 সঙ্গে নেই মোর বৈষ্ণবী,
 আরে সঙ্গে নেই মোর বৈষ্ণবী।।

কাউ কাটিয়া কুনবা করলাম সার
 দুই মোড়া দুই বাঁশের কঞ্চি, মধ্যে ত্তলার দার';'ফিরোজ সাঁই';'এক সেকেন্ডর নাই ভরসা';'0'
'সুখ আমি চাই নি শুধু চেয়েছিলাম তোমায় আমি';'সুখ আমি চাই নি শুধু চেয়েছিলাম তোমায় আমি।
 সুখ আমি চাই নি শুধু চেয়েছিলাম তোমায় আমি।

পাব কী পাব না খুজে তোমায়
 হারিয়ে গেছি তুমি কোথায়।

সব দিয়েছি উজার করে
 এখন তুমি কোথায়, তুমি কোথায়, তুমি কোথায়।।

ভাবিনি আগে এমন হবে
 চলে গেছ তুমি অনেক দূরে।

সব দিয়েছি তোমায় আমি
 এখন তুমি কোথায়, তুমি কোথায়, তুমি কোথায়।।';'ফিরোজ সাঁই';'এক সেকেন্ডর নাই ভরসা';'0'
'আইছি একা যাইমু একা';'আইছি একা যাইমু একা
 সঙ্গে যাইব কি?
 সঙ্গে যাইব দুটি নাম-আল্লাহ আর নবী।

এই মায়ার সংসার
 দুদিনের কারবার
 ভেঙ্গে ভেঙে রঙ্গ সঙ্গ হইবোরে চুরমার
 রিপুর ঘরে তালা দিয়া হাতে রাখ চাবি।

করবে যে উদ্ধার … না নাম তার
 মিঠা প্রেমে আধ হইয়ার মত হইছি যে …
 আদায় আমি করি না যে শরিয়াতের দাবি।।';'ফিরোজ সাঁই';'এক সেকেন্ডর নাই ভরসা';'0'
'এক সেকেন্ডর নাই ভরসা';'এক সেকেন্ডর নাই ভরসা
 বন্ধ হইবে রঙ তামাশা
 চক্ষু মুদিলে –
 হায়রে দম ফুরাইলে।।

রঙিন রঙিন দালান কোটা
 দামী দামী গাড়ি
 জমি জমা ধন লইয়া কর কারাকারি।
 সাড়ে তিন হাত জায়গাও হয় না
 মাটির মন্জিলে।

সাদা কালো কত রঙের কত রকম মানুষ
 এই দুনিয়ার জলসাঘরে
 হইয়া থাকে বেহুস।।
 গানা বাজনা শেষ হইবো- নেশা ফুরাইলে।';'ফিরোজ সাঁই';'এক সেকেন্ডর নাই ভরসা';'0'
'ও বিড়ালের ছানা';'ও বিড়ালের ছানা
 গারে গান গানা
 নারে নারে তারে না
 জারী, সারী ভাটিয়ালী
 যা খুশি তালেতে গা…

মামুনিয়া, মামুনিয়া, মামুনিয়া, মামুনিয়া
 মামুনিয়া, মামুনিয়া, মামুনিয়া, মামুনিয়া

তালে তালে সকলে নাচে
 বাবুই নাচে তালেরই গাছে
 টুনা টুনি নাচে তালে তালে নাচে
 আমি তো হায় নাচ জানি না

জারী, সারী ভাটিয়ালী
 যা খুশি তালেতে গা…।।

ইদুর বলে ও বেড়াল ভাই
 তুমি গান গাও আমি যে পালাই
 চুপি চুপি চেয়ে বিড়াল গেল ধেয়ে
 ইদুর হায় পালিয়ে বেড়ায়।

জারী, সারী ভাটিয়ালী
 যা খুশি তালেতে গা…।।';'ফেরদৌস ওয়াহিদ';'পপ সঙ্গীত';'0'
'এক ছিল টুনা আর এক ছিল টুনি';'লালা লা লা লা লা…..

এক ছিল টুনা আর এক ছিল টুনি
 টুনা বলে ওরে টুনি পিঠা কর।

টুনি টুনাকে বলে চাল আন ডাল আন।
 তবে তো পিঠা।।

টুনা বাজারে গেল
 চাল আনিল, গুড় আনিল
 টুনা টুনিকে দিল
 এইবার টুনি তুই পিঠা কর
 টুনা পিঠা বানালো, টুনিকে খেতে দিল

ঠিক সেই সময়-
 দুষ্ট ছেলেরা সব ঢিল ছুড়িল।।

এ-ক ছি-ল টু-না আ-র এ-ক ছি-ল টু-নি
 দু-জ-নে-তে শ-খ ক-রে পি-ঠা খা-বে

হা-য় এ-কি হ-ল
 টু-না টু-নি ওরা না ওরা খুব অভিমান করেছে
 তাই ওরা অনেক দুখে গ্রাম ছেড়ে চলে গেল';'ফেরদৌস ওয়াহিদ';'পপ সঙ্গীত';'0'
'এমন একটা মা দেনা';'এমন একটা মা দেনা।
 যে মায়ের সন্তানেরা
 কান্দে আবার হাসতে জানে।।

মা তুই থাকলে কত ভাল লাগে
 সারা জীবন কোন কিছু আর লাগে না।

এমন মা হবি তুই
 যে মায়ের সন্তানেরা
 কান্দে আবার হাসতে জানে।

সূর্য ডুবে গেলে রাত নেমে আসে
 আমার জীবন তুই থাকলে কিছু হবে না।
 এমন মা হবি তুই
 যে মায়ের সন্তানেরা
 কান্দে আবার হাসতে জানে।।';'ফেরদৌস ওয়াহিদ';'ডা. নাসির আহমেদ';'0'
'আম্মা গো ও আমার বাবা গো';'আম্মা গো ও আমার বাবা গো।
 একটা পয়সা ভিক্ষা দেনা।
 দয়া কইরা দেনা
 আর তো পারি না, হায়রে, হায়রে, হায়রে……

কত আশা করেছিলাম
 এই দুনিয়ার বুকে আমি
 কোথাও কিছু পেলাম না
 তবু আমি তো বুঝে চলি
 না কিছু দেখিলাম না কিছু বুঝিলাম না কিছু পাইলাম
 শুধু জ্বালা সইতে পারি না
 হায়রে, হায়রে, হায়রে…… ।।

এত জ্বালা দুনিয়াতে আগে আমি তো বুঝিনি
 মনের ব্যাথা মনে রেখে
 তবু শান্তি খুজে চলি
 না কিছু দেখিলাম না কিছু বুঝিলাম না কিছু পাইলাম
 শুধু জ্বালা সইতে পারি না
 হায়রে, হায়রে, হায়রে…… ।।';'ফেরদৌস ওয়াহিদ';'পপ সঙ্গীত';'0'
'কলি থেকে ফুল';'কলি থেকে ফুল, ফুল থেকে মালা
 মালা থেকে প্রেম, প্রেম থেকে জ্বালা।।

ফুলকে ভালবাসি ছিড়িতে পারি না
 তোমাকে ভালবাসি ভুলতে পারি না

অশ্রু যদি আসে রুমালে মুছিবো
 বুকের ভিতরে তোমাকে রাখিবো।।

পাখিরা উড়ে গেলে নিচে পড়ে ছায়া
 বন্ধু চলে গেলে থাকা শুধু মায়া
 আকাশে লক্ষ তারা মিটিমিটি হাসে
 রাতে স্বপ্ন দেখি তুমি আমার পাশে।।';'ফেরদৌস ওয়াহিদ';'হাবিব ওয়াহিদ';'0'
'একদিন তো চলে যাব';'একদিন তো চলে যাব
 পরের ঘরনী হবো
 আঁচল বাধতে পারবি না
 ও মা তোর পায়ে পরি
 দুষ্টুমি যদি করি কখনো
 মা তুই রাগ করিস না।।

যে কটা দিন আছি রব কাছে কাছে
 ঢেলে তুই দে মা যত স্নেহ আছে।

এই আদরে সোহাগ কোথাও পাব না
 মাগো কোথাও পাব না।।

যে কোলে মুখ ডেকে করি লুকোচুরি
 যেন সেই কোলে মাথা রেখে মরি।

এই জীবনে মরণ ****
 মাগো পাতা বিছানা।।';'পিলু মমতাজ';'পপ সঙ্গীত';'0'
'ও চাঁদ সুন্দর';'ও চাঁদ সুন্দর রূপ তোমার
 তার চে রূপে রাংগা প্রিয়া আমার
 প্রিয়া আমার ।।

সাদা মেঘ যায় উড়ে নীল গগনে
 তারই মাঝে চাঁদ ভাসে আপন মনে ।।
 মায়া ভরা রূপের বাহার
 তারচে মায়াবি প্রিয়া আমার,
 প্রিয়া আমার ……

ও চাঁদ সুন্দর রূপ তোমার
 তার চে রূপে রাংগা প্রিয়া আমার
 প্রিয়া আমার ।।

যখন থাকে আমাবশ্যা ভীষণ অন্ধকার
 তখন বুঝি চাঁদের আলো সবটুকুই ধার
 আমার প্রিয়ার গুনের আলো নিজস্বই তার
 আধার রাতে সময় হয় মালা গাথিবার

স্মৃতি ঘেরা ফুলের বাহার
 নতুন চাঁদের আগমনে দেয় উপহার
 ও চাঁদ সুন্দর রূপ তোমার
 তার চে রূপে রাংগা প্রিয়া আমার
 প্রিয়া আমার ।।

পূর্নিমায় চাঁদের আলো ত্রি-ভূবনে
 দু’জনায় প্রেমে মাতি ফুল বাগানে ।।
 স্বপ্ন ঘেরা প্রেমের বাহার
 তন্দ্রা এলে নেচে করে রংগ বাহার 

ও চাঁদ সুন্দর রূপ তোমার
 তার চে রূপে রাংগা প্রিয়া আমার
 প্রিয়া আমার ।।';'আজম খান';'পপ সঙ্গীত';'0'
'আলাল ও দুলাল';'আলাল ও দুলাল
 আলাল ও দুলাল
 তাদের বাবা হাজি চান
 চানখা পুলে প্যাডেল মেরে পৌছে বাড়ী
 আলাল ও দুলাল

আলাল যদি ডাইনে যায়
 দুলাল যায় বায়ে
 তাদের বাবা সারাদিন খুঁজে খুঁজে মরে ।।
 আলাল কই
 দুলাল কই
 নাইরে নাইরে নাইরে নাই
 আলাল ও দুলাল, আলাল ও দুলাল
 তাদের বাবা হাজি চান
 চানখা পুলে প্যাডেল মেরে পৌছে বাড়ী
 আলাল ও দুলাল

আলাল যদি ডালে থাকে
 দুলাল থাকে চালে
 পাড়াটারে জ্বালায় তারা সারাটা দিন ধরে
 আলাল কই
 দুলাল কই
 নাইরে নাইরে নাইরে নাই
 আলাল ও দুলাল, আলাল ও দুলাল
 তাদের বাবা হাজি চান
 চানখা পুলে প্যাডেল মেরে পৌছে বাড়ী
 আলাল ও দুলাল, আলাল ও দুলাল; আলাল ও দুলাল……';'আজম খান';'আজম খান';'0'
'সারা রাত জেগে জেগে';'সারা রাত জেগে জেগে
 কত কথা আমি ভাবি
 পাপড়ি কেন বোঝে না
 তাই ঘুম আসে না ।।

তুমি আমি কেন দূরে দূরে
 খুজে বেড়াই ঘুরে ঘুরে ।।
 মন কি যে চায়
 কাটে শুধু বেদনায় ।।
 পাপড়ি কেন বোঝে না
 তাই ঘুম আসে না ।।

এই মায়া ভরা পৃথিবী ছেড়ে
 চলে যাব চিরতরে ।।
 সবাই চলে যায়
 কতটুকুই বা পায়
 পাপড়ি কেন বোঝে না
 তাই ঘুম আসে না ।।

সারা রাত জেগে জেগে
 কত কথা আমি ভাবি
 পাপড়ি কেন বোঝে না
 তাই ঘুম আসে না ।।';'আজম খান';'পপ সঙ্গীত';'0'
'আমি যারে চাই রে';'আমি যারে চাই রে
 সে থাকে মোরে অন্তরে ।।
 আমি তারে পেয়ে ও হারাই রে

এই আছে এই নাই,
 অন্তরে নিয়েছে ঠাই;
 বিরাজ করে সে ভূবনে ।।
 আমি তারে পেয়ে ও হারাই রে

ভক্তিতে মুক্তি,
 জ্ঞানেই শক্তি ;
 বাসনা পূর্ন হবে সাধনে ।।
 আমি তারে পেয়ে ও হারাই রে

আমি যারে চাই রে
 সে থাকে মোরে অন্তরে ।।
 আমি তারে পেয়ে ও হারাই রে';'আজম খান';'১৯৭২';'0'
'অভিমানী তুমি কোথায়';'অভিমানী
 তুমি কোথায় হারিয়ে গেছ
 তুমিই তো বোঝাবে ………লা লা লা
 তুমিই তো মানাবে……..লারা লারা লারা………উ

বহু দিন পড়ে
 দেখা হলো দু’জনায়
 অভিমান রেখো না
 অভিমান রেখে
 কি হবে বলো না
 তুমি কিছু বোঝ না ।

অভিমানী
 তুমি কোথায় হারিয়ে গেছ
 তুমিই তো বোঝাবে ………লা লা লা
 তুমিই তো মানাবে……..লারা লারা লারা………উ

তুমি কি মোরে
 রেখেছ বাসনায়
 একবার বল না
 এতকাল ধরে
 থেকেছ কি ছলনা
 নাকি ভালবাস না

অভিমানী
 তুমি কোথায় হারিয়ে গেছ
 তুমিই তো বোঝাবে ………লা লা লা
 তুমিই তো মানাবে……..লারা লারা লারা………উ';'আজম খান';'পপ সঙ্গীত';'0'
'বাঁধা দিও না, না দিও না';'বাঁধা দিও না……না দিও না
 ও মোর প্রেম, ও মোর প্রেম ।।

ছোট থেকে বড় হলো যেখানে
 ঘর বাঁধিবে ও সেখানে ।।
 মনের মানুষ আমি,
 আমিও কত চাহিলাম ।
 প্রানে প্রানে প্রেমেরই সুধা
 শুভ মিলন
 মিলনে এলো যত বাঁধা ।।

মন যারে চায়
 তারে ধরে রাখা
 গেল না……
 গেল দিয়ে বেদনা

বাঁধা দিও না……না দিও না
 ও মোর প্রেম ও মোর প্রেম ।।

চলে গেছে সে ভেজা নয়নে
 রয়ে গেছে তবু মোর স্মরণে।।
 মাঝে মাঝে রাতে
 আমিও কত কাঁদিলাম

দুটি মনে ছিল কত আশা
 প্রেমই জীবন
 জীবনে শুধু ভালবাসা ।।

আজ কেন হায়
 দূরে দূরে থাকা
 জানি না
 জানি আর পাবো না ।

বাঁধা দিও না……না দিও না
 ও মোর প্রেম ও মোর প্রেম ।।';'আজম খান';'পপ সঙ্গীত';'0'
'আমার প্রেমের তরী বইয়া চলে';'আমার প্রেমের তরী বইয়া চলে
 প্রেমের বৈঠা ধইরা
 যারে নাইয়া, যেদিক খুশি, পিরীতের পাল তুইলা
 ও হো হো হো………।

আমার মন মানষী বইসা আছে প্রেমের বৈঠা ধইরা
 যারে নাইয়া, যেদিক খুশি, পিরীতের পাল তুইলা
 ও হো হো হো………।

বাঁশরীয়া ছাড়া বাঁশি সুর ধরে না
 তুমি আমার মনের বাঁশি, আমি বাঁশরীয়া।
 ও হো হো হো………।।

ঐ না আকাশ কোলে যেমন মেঘ উইড়া যায়
 তেমনি তোমার মন পিঞ্জরায় দোলাইও আমায়
 ও হো হো হো………।।';'ফেরদৌস ওয়াহিদ';'আলম খান';'0'
