'বিহুরে লগন মধুরে লগন';'আ..আআ…
 বিহুরে লগন মধুরে লগন,
 অকাশে বাতাসে লাগিল রে
 চম্পা ফুটিছে চামলী ফুটিছে,
 তার সুবাসে ময়না আমার ভাসিল রে

হলুদ বরন মেঘলা এ তার যৌবন উছলায়
 লাল ওরনার আড়াল দিয়া চক্ষু দুটি চায়
 খোপায় টগর ময়না বুঝি আমায় খুঁজে হায়
 বসন্তে এ বিহুর লগন উত্তাল হয়ি যায়

বিহুরে লগন মধুরে লগন,
 অকাশে বাতাসে লাগিল রে
 নাচিতে নাচিতে তার ভরা যৌবন
 বিহুর সাজে সবার মাঝে অসিল রে

তাহার নাচ দেখি অমার অঙ্গ অবস হয়
 ঢোলের কাঠি দুহাত থিকে অপনি খসি যায়
 জগত জুড়ি বিহুর পরব খুসি জে ছ​ড়ায়
 বসন্তে এ বিহুর লগন উত্তাল হয়ি যায়

বিহুরে লগন মধুরে লগন,
 অকাশে বাতাসে লাগিল রে
 চম্পা ফুটিছে চামলী ফুটিছে,
 তার সুবাসে ময়না আমার ভাসিল রে';'অজানা';'পল্লীগীতি';'0'
'রিক্সা চালাও রসিক বন্ধু রে';'রিক্সা চালাও রসিক বন্ধু সামনের রাস্তা দিয়া।
 মুইও বাগি চাইয়া থাকি। জানালা মেলিয়া রে।।

আইস্তে যাইতে রিক্সাওয়ালা রিক্সাত মার ব্যাল।
 ঘরের ভিতর থাকি আর। বুহত করে চ্যাল রে।।
 রিক্সা চালাও রসিক বন্ধু রে
 রিক্সা চালাও রসিক বন্ধু রে

ঠিক দুপুরে চালাও রিক্সা গ দি ফরে ঘাম
 মনে হয় যে আঁচল দিয়া। মুছাই দিতাম ঘাম রে
 রিক্সা চালাও রসিক বন্ধু রে
 রিক্সা চালাও রসিক বন্ধু রে

সিডর উপর বইয়া রে গুন গুন কর গান।
 উডর কোনত লেখা আছে। ভালবাসার নাম রে
 রিক্সা চালাও রসিক বন্ধু রে
 রিক্সা চালাও রসিক বন্ধু রে

শুন শুন বলি তোমায় রিক্সার ডাইবার।
 তোয়ার রিক্সাত করিবা নি। আ’রে পেছেঞ্জার রে
 রিক্সা চালাও রসিক বন্ধু রে
 রিক্সা চালাও রসিক বন্ধু রে';'শেফালী ঘোষ';'পল্লীগীতি';'0'
'যদি সুন্দর একখান মুখ পাইতাম';'যদি সুন্দর একখান মুখ পাইতাম
 যদি নতুন একখান মুখ পাইতাম
 মইশাইল্যা পানের খিলি তারে বানাই খাওইতাম।।

একদিনে নাই ডাকি তারে। হাউশের পিরীত শিখাইতাম।
 আমি হাউশের পিরীত শিখাইতাম
 মইশখাইল্যা পানের খিলি তারে বানাই খাওইতাম।।

নয়া মুখের নয়া কথা হুনিতে সুন্দর
 মাঝে মাঝে পান চিবাইত হাসির ভিতর।

প্রেমের মালা দুনো হাতে। তারে গলাত পরাইতাম।
 আমি তারে গলাত পরাইতাম
 মইশখাইল্যা পানের খিলি তারে বানাই খাওইতাম।।

রসের কথা, রসের পিরীত যদি ন জানে
 দুইয়ান একখান কইতাম তারে প্রেমের কারণে।

নর-নারীর হাউশের পিরীত। কি মজা তারে বুঝাইতাম
 আমি কি মজা তারে বুঝাইতাম।
 মইশখাইল্যা পানের খিলি তারে বানাই খাওইতাম।।';'শেফালী ঘোষ';'পল্লীগীতি';'0'
'তোমার লাগিয়া রে সদাই প্রাণ আমার';'তোমার লাগিয়া রে
 সদাই প্রাণ আমার কান্দে বন্ধুরে
 প্রাণ বন্ধু কালিয়া রে।।

নিদয় নিঠুর রে বন্ধু
 তুই তো কূল নাসা।

(আমায়) ফাঁকি দিয়ে ফেলে গেলি রে বন্ধু।
 না পুড়াইলি আশা বন্ধু রে
 প্রাণ বন্ধু কালিয়া রে।।

আগে যদি জানতাম রে বন্ধু
 তোর বাড়ি নৈরাশা।

(ও তুই) না জেনে পীড়িতের রীতি রে বন্ধু।
 ঘটাইলি দুর্দশা বন্ধু রে
 প্রাণ বন্ধু কালিয়া রে।।

হৃদয় চিড়িয়া রে দিতাম হৃদয়তে বাসা।
 (আমি) তোমায় দেখে স্বাধ মিটাইতাম রে বন্ধু।
 খেলতাম প্রেমের পাশা রে বন্ধু
 প্রাণ বন্ধু কালিয়া রে।।';'আব্দুল আলীম';'নীনা হামিদ';'0'
'সোনা বন্ধুরে, আমি তোমার নাম লইয়া কান্দি';'সোনা বন্ধুরে, আমি তোমার নাম লইয়া কান্দি
 গগণেতে ডাকে দেয়া আসমান হইল আন্ধিরে বন্ধু
 আমি তোমার নাম লইয়া কান্দি

তোমার বাড়ি আমার বাড়ি মধ্যে সুরো নদী
 সেই নদীকে মনে হইলো অকুল জলধি রে বন্ধু
 আমি তোমার নাম লইয়া কান্দি

গগণেতে ডাকে দেয়া আসমান হইল আন্ধিরে বন্ধু
 আমি তোমার নাম লইয়া কান্দি

উইড়া যায় রে ছকুয়ার পঙ্খী
 পইড়া রইলো ছায়া
 কোন পরাণে বিদেশ হইলা
 ভুলি দ্যেশের মায়া রে বন্ধু
 আমি তোমার নাম লইয়া কান্দি।।';'স্বাগত দে';'পল্লীগীতি';'0'
'মাঝি বাইয়া যাও রে';'মাঝি বাইয়া যাও রে।
 অকুল দরিয়ার মাঝে
 আমার ভাঙা নাও রে।।

ভেন্না কাষ্ঠের নৌকা খানি।
 মাঝখানে তার বুরা

(নৌকার) আগার থাইকা পাছায় গেলে।
 গলুই যাবে খইয়া রে।।

দীক্ষা শিক্ষা না হইতে
 আগে করছো বিয়া।
 (তুমি) বিনে খতে গোলাম হইলে
 গাইটের টাকা দিয়া রে।।

বিদেশে বিপাকে যারও
 বেটা মারা যায়।
 পাড়া-পরশি না জানিয়ে
 জানে তারও মা’য়ও রে।।';'আব্বাস উদ্দিন আহমেদ';'প্রচলিত';'0'
'নাও ছাড়িয়া দে পাল উড়াইয়া দে';'নাও ছাড়িয়া দে পাল উড়াইয়া দে
 ছল ছলাইয়া চলুক রে নাও মাঝ দইরা দিয়া চলুক মাঝ দইরা দিয়া।।

উড়ালি বিড়ালি বাওয়ে নাওয়ের বাদাম নড়ে (আরে)।
 আথালি পাথালি পানি ছলাৎ। ছলাৎ করে রে।

আরে খল খলাইয়া হাইসা উঠে
 বৈঠার হাতল চাইয়া হাসে, বৌঠার হাতল চাইয়া।।

ঢেউয়ের তালে পাওয়ের ফালে নাওয়ের গলই কাঁপে
 তির তিরাইয়া নাওয়ের খৈয়াই রোইদ তুফান মাপে,
 মাপে রোইদ তুফান মাপে

চিরলি পিরলি পুলে ভ্রমর-ভ্রমরী খেলে রে (আরে)।
 বাদল উদালি কায়ে পানিতে জমিতে হেলে রে

আরে তুর তুরাইয়া আইলো দেওয়া *** হাতে এলইয়া।

শালি ধানের শ্যামলা বনে হইলদা পঙ্খি ডাকে
 চিকমিকাইয়া হাসে রে চান সইশা ক্ষেতের ফাকে
 ফাকে সইশা ক্ষতের ফাকে 

সোনালি রূপালি রঙে রাঙা হইলো নদী (আরে)।
 মিতালী পাতাইতাম মুই মনের মিতা পাইতাম যদি রে

আরে ঝিলমিলাইয়া খালর পানি নাচে থৈইয়া থৈইয়া
 পানি নাচে থৈইয়া থৈইয়া।।';'আব্বাস উদ্দিন আহমেদ';'পল্লীগীতি';'0'
'আরে ও ভাটিয়াল গাঙ্গের নাইয়া';'আরে ও ভাটিয়াল গাঙ্গের নাইয়া
 আবু ভাইরে কইয়ো আমায় নাইওর নিতো আইয়া
 রে ভাটিয়াল গাঙ্গের নাইয়া

ঐ না ঘাটে বইয়ারে কান্দি দ্যেশের পানে চাইয়া।
 চক্ষের পানি নদীর জলে। যাইতাছে মিশিয়া
 ভাটিয়াল গাঙ্গের নাইয়া
 আবু ভাইরে কইয়ো আমায় নাইওর নিতো আইয়া
 রে ভাটিয়াল গাঙ্গের নাইয়া

কোন পরাণে আছেরে ভাই আমায় পাষরিয়া।
 জঙ্গলারই বাঘের মুখে। গেলনি পাশ দিয়া
 ভাটিয়াল গাঙ্গের নাইয়া
 আবু ভাইরে কইয়ো আমায় নাইওর নিতো আইয়া
 রে ভাটিয়াল গাঙ্গের নাইয়া

এই বাইষ্যাতে নাহিরে নিলে গলায় কলসি বাইন্দ্যা।
 ঐ না গহিন গাঙ্গের তলায়। মরিবো ডুবিয়া
 ভাটিয়াল গাঙ্গের নাইয়া
 আবু ভাইরে কইয়ো আমায় নাইওর নিতো আইয়া
 রে ভাটিয়াল গাঙ্গের নাইয়া

জালালে কয় আর কতদিন থাক রইয়া সইয়া
 জল শুকাইলে নিবেরে নাইওর। বাঁশের পালং দিয়া
 ভাটিয়াল গাঙ্গের নাইয়া
 আবু ভাইরে কইয়ো আমায় নাইওর নিতো আইয়া
 রে ভাটিয়াল গাঙ্গের নাইয়া';'আব্বাস উদ্দিন আহমেদ';'আব্বাস উদ্দিন আহমেদ';'0'
'তোরে রাং দিল কি সোনা দিল';'তোরে রাং দিল কি সোনা দিল, তুই পরখ কইরে দেখলি না
 গুরু তোরে কী ধন দিল চিনলি না মনা

গুরু দিল খাঁটি সোনা
 রাং বইলে তোর জ্ঞান হইল না, ওরে দিনকানা
 ওরে উপাসনা বিনে কি তোর মিলিবে রে রুপাসোনা
 গুরু তোরে কী ধন দিল চিনলি না মনা
 তোরে রাং দিল কি সোনা দিল

চণ্ডীদাস আর রজকিনী
 তারা প্রেমের শিরোমণি, রাং কইরাছে সোনা
 তারা এক প্রেমেতে দুইজন মইলো, এমন মরে কয়জনা
 গুরু তোরে কী ধন দিল চিনলি না মনা
 তোরে রাং দিল কি সোনা দিল, তুই পরখ কইরে দেখলি না
 গুরু তোরে কী ধন দিল চিনলি না …';'স্বাগত দে';'পল্লীগীতি';'0'
'আগে জানি না রে দয়াল';'পীড়িতি পীড়িতি বিষম পীড়িতি
 পীড়িতি করে যে জনে।

দয়াল তোমারও সনে পীড়িতি করিয়া
 তোমারও সনে দয়াল পীড়িতি করিয়া
 কান্দিতে জনম গেল রে

আগে জানি না রে দয়াল
 তোর পীড়িতে পরাণ যাবে

আঙ্গুল কাঁটিয়া কলম বানাইয়া
 নয়নের জলে করলাম কালি।

দয়াল হৃদয় চিড়িয়া লিখন লিখিয়া।
 পাঠাইলাম বন্ধুর বাড়িরে
 আগে জানি না রে দয়াল
 তোর পীড়িতে পরাণ যাবে

সাগর সেচিলাম নগর মাগিলাম
 মনিক পাইবার আশে।

দয়াল সাগর শুকালো মানিক লুকালো।
 আপন কপালের দোষেরে
 আগে জানি না রে দয়াল
 তোর পীড়িতে পরাণ যাবে।।';'তাজুল ইমাম';'জসীম উদ্দীন';'0'
'আমি বাংলা মায়ের ছেলে';'আমি বাংলা মায়ের ছেলে
 জীবন আমার ধন্য যে হায়
 জন্ম বাংলা মায়ের কোলে
 বাংলা মায়ের ছেলে
 আমি বাংলা মায়ের ছেলে

বাংলা মায়ের মুখের হাসি
 প্রাণের চেয়েও ভালোবাসি
 মায়ের হাসি পূর্ন শশী- রত্ন-মানিক জ্বলে।

মায়ের তুলনা কি আর ধরণীতে মিলে
 মা আমার শস্য-শ্যামলা সুশোভিত ফলে ফুলে
 বাংলা মায়ের ছেলে, আমি বাংলা মায়ের ছেলে

গাছে গাছে মিষ্ট ফল, মাঠে ফলে সোনার ফসল
 রয়েছে সুশীতল জল, নদী-নালা খালে-বিলে।

কোকিল ডাকে কুহ স্বরে, বুলবুল নাচে ডালে
 শুক-সারী গান গায় মা যেন থাকেন কুশলে
 বাংলা মায়ের ছেলে, আমি বাংলা মায়ের ছেলে

বাউল আব্দুল করিম বলে, জীবন লীলা সাঙ্গ হলে
 শুয়ে থাকবো মায়ের কোলে, তাপ-অনুতাপ ভুলে।

মাকে ভুলে না মায়ের খাঁটি সন্তান হলে
 মা বিনে আর কে আছে কার, সুখে-দুখে মা-মা বলে
 বাংলা মায়ের ছেলে, আমি বাংলা মায়ের ছেলে।।';'রুহি ঠাকুর';'শাহ আব্দুল করিম';'0'
'বহু দিনের পিরিত গো বন্ধু';'বহু দিনের পিরিত গো বন্ধু
 একই দিনে ভেঙো না।।

এই যে রে ভাই বংশিওয়ালা
 বাজাও বাশী দুপুর বেলা আরো একেলা

তোমার বাশীর সুরে মন হরে গো।
 ঘরে রইতে দিল না।।

মাতা মইলো, পিতা রে মইলো
 গুণের ভাই ছাড়িয়া রে গেল, সঙ্গে নিল না

আমি কী দোষ দিব পরের পুতের গো।
 আপন কর্ম ভালো না।।

বন্ধু আমার আলারে ভোলা
 না জানি পীড়িতের জ্বালা আরো একেলা

সে যে আসি বলে গেল চইলে গো।
 আর তো ফির আইলো না।।';'আব্দুল আলীম';'পল্লীগীতি';'0'
'কেনবা তারে সপে দিলাম প্রাণ';'কেনবা তারে সপে দিলাম দেহ মন প্রাণ।
 প্রান সখীরে কেনবা তারে সপে দিলাম দেহ মন প্রাণ।।

তারে প্রাণ সপিয়া হইলেম অপমান।
 প্রান সখীরে কেনবা তারে সপে দিলাম প্রাণ
 প্রান সখীরে কেনবা তারে সপে দিলাম দেহ মন প্রাণ

আগে যদি জানতাম মনে
 যাইতাম না তার নয়ন কোণে
 মর্মস্থলে হানে পঞ্চবান, প্রান সখীরে।

ও তার বানে কত শক্তি ধরে
 সাধ্য কী আর রইতে ঘরে

বানে বিদ্ধ করে অবলার প্রাণ।
 প্রান সখীরে কেনবা তারে সপে দিলাম প্রাণ
 প্রান সখীরে কেনবা তারে সপে দিলাম দেহ মন প্রাণ।।

সে যেন কী মন্ত্র জানে শুকরিয়া বাঁশীর তানে
 শুনলে কানে হইতে হয় অজ্ঞান, প্রান সখীরে।
 কেন তারে করিস না মানা সময় চিনে কেন বাঁশী বাজায় না

আমার প্রেম যমুনায় বহিছে উজান।
 প্রান সখীরে কেনবা তারে সপে দিলাম প্রাণ
 প্রান সখীরে কেনবা তারে সপে দিলাম দেহ মন প্রাণ।।';'আব্দুল আলীম';'পল্লীগীতি';'0'
'দোল দোল দোলনী রাঙা মাথার চিরুনী';'দোল দোল দোলনী রাঙা মাথার চিরুনী
 এনে দেব হাট থেকে মান তুমি মরো না

নতুন নতুন খোপাটি তুলে এনে দোপাটি
 রাঙা ফিতায় বেধে দিবো মান তুমি করো না।।

চেয়ে দেখ ডালিম ফুলে ঐ জমেছে মৌ
 বউ কথা কও ডাকছে পাখি, কয় না কথা বউ।

ঝুমঝুমি মল পায়েতে গয়না সোনার গায়েতে
 আরো দেবো নাকের নোলক মান তুমি করো না।।

 চাঁদের সাথে নিত্যরাতে তাঁরায় কথা কয়
 আপনজনা পর হইলে তাও কী প্রানে সয়।

একটু খানি আসনা কাছে এসে বসো না
 এনে দেবো রেশমি চুড়ি মান তুমি করো না।।';'আব্দুল আলীম';'পল্লীগীতি';'0'
'এই যে দুনিয়া';'এই যে দুনিয়া কিসের লাগিয়া
 এত যত্নে গড়াইয়াছেন সাঁই

ছায়া বাজী পুতুল রূপে বানাইয়া মানুষ।
 যেমনি নাচাও তেমনি নাচি পুতুলের কি দোষ।
 যেমনি নাচাও তেমনি নাচি।
 তুমি খাওয়াইলে আমি খাই আল্লাহ।

তুমি বেস্ত তুমি দোজখ তুমি ভাল মন্দ
 তুমি ফুল তুমি ফল তুমি তাতে গন্ধ।
 আমার মনে এই আনন্দ।
 কেবল আল্লাহ তোমায় চাই আমি।

তুমি হাকিম হইয়া হুকুম কর পুলিশ হইয়া ধর
 সর্প হইয়া দংশন কর ওঝা হইয়া ঝাড়
 তুমি বাঁচাও তুমি মার।
 তুমি বীনে কেহ নাই আল্লাহ, তুমি বীনে কেহ নাই।।';'আব্দুল আলীম';'পল্লীগীতি';'0'
'মেঘনার কূলে ঘর বান্ধিলাম বড় আশা করে';'(কোনদিন ঘর বাইন্দোনা মেঘনার চরে আমীরকে সে এক পলকে পথের ফকির করে)

মেঘনার কূলে ঘর বান্ধিলাম বড় আশা করে
 সে ঘর আমার ভাইঙ্গা গেল সর্বনাশা ঝড়ে রে
 মেঘনার সর্বনাশা ঝড়ে

এই ঘরে মোর ছেইলা মাইয়া
 থাইকা গেছে দেখি চাইয়া রে।

আমি আজো তাদের খুইজা বেড়াই নদীর চরে চরে
 মেঘনা নদীর চরে চরে।।

সর্বহারা হইলাম তবু শেষ হইল না আশা
 আমার আমি ঘর বান্ধিলাম *** দুরাশা

আবার যখন বান ডাকিল আমার সব ভাসাইয়া নিল রে।
 আমি একলা এখন ঘুইড়া বেড়াই
 চোখের পানি ঝরেরে আমার, চোখের পানি ঝরে।।';'আব্দুল আলীম';'পল্লীগীতি';'0'
'আর কতকাল ভাসবো আমি';'আর কতকাল ভাসবো আমি
 দুঃখের সারী গাইয়া
 জনম গেল ঘাটে ঘাটে আমার
 জনম গেল ঘাটে ঘাটে
 ভাঙা তরী বাইয়া রে আমার
 ভাঙ্গা তরী বাইয়া।।

পরের বোঝা বইয়া বইয়া
 নৌকার গলুই গেছে খইয়ারে।
 আমার নিজের বোঝা কে বলিবে রে।
 রাখবো কোথায় যাওয়ারে আমি
 রাখবো কোথায় যাওয়া।।

এই জীবনে দেখলাম নদীর
 কতই ভাঙা গড়া
 আমার দেহতরী ভাঙলো শুধু
 না জাগিলো চড়া

আমার ভবে কেউ কি আছে
 দুঃখ কবো তাহার কাছে রে
 আমি রইলাম শুধু দয়াল আল্লাহ রে
 আমি রইলাম শুধু দয়াল আল্লাহ
 তোমার পানে চাইয়া রে
 আমি তোমার পানে চাইয়া।।';'আব্দুল আলীম';'আব্দুল আলীম';'0'
'আমার প্রানের প্রান পাখি';'আমার প্রানের প্রান পাখি
 আমার হিরামন পাখি
 তোরে কোথায় রাখি
 পাখিরে সবই মিছে আর ফাঁকি।।

পাখিরে .রে রে..এ..এ..
 এক পলকের নাই ভরসা
 মিছে সকল আশা…..
 কখন জানি দারুন ঝড়ে।
 ভাঙবে স্বাদের বাসা.. পাখিরে।

ও পাখিরে .রে রে..এ..এ..
 কোন বনেরই পাখি তুমি
 যাইবা রে কোন বনে
 সে কথা কি গেছ ভুলে।
 পরে না কি মনে … পাখিরে।।

ও পাখিরে .রে রে..এ..
 মিছা মায়ায় বন্দি হইয়া
 কর কত খেলা
 পশ্চিমে তাকাইয়া দেখ।
 ডুইবা আইলো বেলা…. পাখিরে।।';'আব্দুল আলীম';'সিরাজুল ইসলাম';'0'
'প্রেমের মরা জলে ডুবে না';'প্রেমের মরা জলে ডুবে না
 তুমি সুজন দেইখা কইরো পিরিত
 মইলে যেন ভুলে না দরদী।।

প্রেম কইরাছে আইয়ুব নবী
 যার প্রেমে রহিমা বিবি গো।
 তাঁরে আঠাঁর সাল কিরায় খাইলো
 আঠাঁর সাল, তাঁরে আঠাঁর সাল করায় খাইলো
 তবু রহিমা ছাড়লো না দরদী।।

ও প্রেম করতে দুইদিন ভাংতে একদিন
 ওমন প্রেম কইরো না দরদী।।

প্রেম কইরাছে ইছুব নবী
 যার প্রেমে জুলেখা বিবি গো।
 ও সে প্রেমের দায়ে জেল খাটিল
 প্রেমের দায়ে ও সে প্রেমের দায়ে জেল খাটিল
 তবুও সে প্রেম ছাড়লো দরদী।।

প্রেম কইরাছে মুসা নবী
 যার প্রেমে দুনিয়ার খুজি।
 হায়রে পাহাড় জ্বলে সুরমা হইল
 পাহাড় জ্বলে, হায়রে পাহাড় জ্বলে সুরমা হইল
 তবুও মুসা জ্বললো না দরদী।।';'আব্দুল আলীম';'পল্লীগীতি';'0'
'হলুদিয়া পাখি, সোনারই বরণ';'হলুদিয়া পাখি, সোনারই বরণ
 পাখিটি ছাড়িল কে
 পাখিটি ছাড়িল কে রে আমার
 পাখিটি ছাড়িল কে।

কেউ না জানিল, কেউ না দেখিল,
 কেমনে পাখি দিয়াছে ফাঁকি
 উইড়া গেল হায় চোখের পলকে
 পাখিটি ছাড়িল কে।।

সোনার পিঞ্জিরা শূণ্য করিয়া
 কোন বনে পাখি গেল যে উড়িয়া।
 পিঞ্জিরার জোড়া খুলিয়া খুলিয়া
 ভাইঙ্গা পড়ে সেই না পাখির শোকে।।

সবই যদি ভুলে যাবি রে পাখি
 কেন তবে হায় দিলি রে আশা
 উইড়া যদি যাবি ওরে ও পাখি
 কেন বাইন্ধা ছিলি বুকেতে বাসা।

কত না মধুর গান শুনাইয়া
 গেলিরে শেষে কেন কান্দাইয়া
 তোমারে স্মরিয়া দুখের দরিয়া
 উথলি উঠে হায় পাগলের চোখে।।';'আব্দুল আলীম';'সিরাজুল ইসলাম';'0'
'সর্বনাশা পদ্মা নদী তোর কাছে শুধাই';'সর্বনাশা পদ্মা নদী তোর কাছে শুধাই
 বল আমারে তোর কি রে আর
 কুল কিনারা নাই, কুল কিনারা নাই
 ও নদীর কুল কিনারা নাই।।

পাড়ির আশায় তাড়াতাড়ি
 সকাল বেলা ধরলাম পাড়ি
 আমার দিন যে গেল সন্ধ্যা হলো
 তবু না কুল পাই।।

পদ্মারে তোর তুফান দেইখা
 পরান কাঁপে ডরে
 ফেইলা আমায় মারিসনা তোর
 সর্বনাশা ঝড়ে।

একে আমার ভাঙ্গা তরী
 মাল্লা ছয়জন শল্লা করি
 আমার নায়ে দিল কুড়াল মারি
 কেমনে পাড়ে যাই।।';'আব্দুল আলীম';'আব্দুল লতিফ';'0'
'প্রাণ সখিরে ঐ শোন কদম্বতলে বংশী বাজায় কে';'প্রাণ সখিরে
 ঐ শোন কদম্বতলে বংশী বাজায় কে।
 বংশী বাজায় কে রে সখি, বংশী বাজায় কে।।
 আমার মাথার বেনী খুইলা দিমু
 তারে আনিয়া দে ।

যে পথ দিয়ে বাজায় বাঁশী
 যে পথ দিয়ে যায়
 সোনার নুপুর পরে পায়।।
 আমার নাকের বেসর তুইলা দেবো সেইনা পথের গায়
 আমার গলার হার ছড়িয়ে দেবো সেইনা পথের গায়
 যদি হার জড়িয়ে পরে পায়
 প্রান সখিরে 

যার বাশী এমন সে বা কেমন
 জানিস যদি বল সখি করিস না কো ছল
 আমার মন বড় চঞ্চল
 আমার প্রান বলে তার বাঁশী জানে আমার চোখের জল
 আমার মন বলে তার বাঁশী জানে আমার চোখের জল
 প্রাণ সখিরে 

তরলা বাশের বাঁশী ছিদ্র গোটা ছয়
 বাঁশী কতই কথা কয়
 নাম ধরিয়া বাজায় বাঁশী রহনও না যায়
 ঘরে রহনও না যায়
 প্রান সখিরে………';'ফেরদৌসী রহমান';'জসিম উদ্দিন';'0'
'ও আমার দরদী আগে জানলে';'ও আমার দরদী, আগে জানলে
 তোর ভাঙ্গা নৌকায় চড়তাম না।
 ভাঙ্গা নৌকায় চড়তাম না
 আর ঐ দূরের পাড়ি ধরতাম না

তোর নব লাগ পা নিজের বেশা
 ঐ নায়ে বোঝাই করতাম না।।

ছিল সোনার দাড় পবনের বৈঠা
 ময়ূরপঙ্খী নাও খানা
 ওরে চন্দ্র সূরুজ গোলায় ভরি
 ফুল ছড়াতো জোছনা।।

শো শো শো দরিয়াতে তুলে ঢেউ
 এই তুফানেতে কেউ গাঙ পাড়ি দিও না
 বেসম দইরার পানি দেইখ্যা ভয়েতে প্রান বাঁচে না।।

লবঙ্গ লতিকার দেশে যাবার ছিল বাসনা
 মাঝ দরিয়ায় নাও ডুবিল
 উপায় কী তার বল না।।

কল কল ছল ছল করে জল টলমল
 আগে চল আগে চল নাই বল তবু চল
 ওরে মাঝি তুই কেন হলি আজ বিমনা
 সামনে নাচে বিজলী লয়ে কন্যা সোনার বরণা।।';'নির্মলেন্দু চৌধুরী';'জসীম উদ্দীন';'0'
'যে জন প্রেমের ভাব জানে না';'যে জন প্রেমের ভাব জানে না
 তার সঙ্গে নাই লেনা-দেনা
 খাঁটি সোনা ছাড়িয়া যে নেয় নকল সোনা
 সে জন সোনা চেনে না।।

কুটা কাঁটায় মানিক পাইল রে
 অথৈ পানিতে ফেলিয়া দিল রে
 সাত রাজার ধন মানিক হারিয়া
 কুটা কাঁটার মন যে মানে না।।

উল্লুকের থাকিতে রে নয়ন
 না দেখে সে রবির কিরণ
 কি কব দুষ্কের কথা
 সে জন ভাব জানে না।।

পিঁপড়া বোঝে চিনির দাম
 ও বানিয়ায় চিনে সোনা
 মাটির প্রেমের মূল্য কে জানে
 ধরায় আছে কয় জনা।।';'ফেরদৌসী রহমান';'পল্লীগীতি';'0'
'আমার মনের আগুন জ্বলে দ্বিগুণ তোমারে না পাইয়া';'আমার মনের আগুন জ্বলে দ্বিগুণ তোমারে না পাইয়া
 পিরিতি শিখাইয়া কান্দাইয়া গেলা ফিরা তো আর আইলানা
 বন্ধু ফিরা তো আর আইলানা।।

পাশানে বান্ধিয়া হিয়া —-
 সব নিল কাহাড়িয়া । 

তুমি কোন পরানে আছ বন্ধু
 কোন পরানে এ আছ বন্ধু
 থোইয়া গেলা না
 পিরিতি শিখাইয়া কান্দাইয়া গেলা ফিরা তো আর আইলানা
 বন্ধু ফিরা তো আর আইলানা।।

মনের ঘরে দাগা দিয়া
 বন্ধু গেলা চলিয়া ।
 আমার আশার তরী আশায় রইল
 আশার তরী আশায় রইল
 তুমি বাইলানা
 পিরিতি শিখাইয়া কান্দাইয়া গেলা ফিরা তো আর আইলানা
 বন্ধু ফিরা তো আর আইলানা।।';'মুজিব পরদেশী';'মুজিব পরদেশী';'0'
'আমার সোনা বন্ধুরে তুমি কোথায় রইলা রে';'আমার সোনা বন্ধুরে তুমি কোথায় রইলা রে।
 দিনে রাইতে তোমায় আমি
 দিনে রাইতে তোমায় আমি খুইজা মরি রে।।

প্রথম দেখার কালে বন্ধু কথা দিয়েছিলে
 ভুলিবে না মোরে এ জীবন গেলে।।
 যদি না পাই তোমারে আমার জীবনের তরে
 সোনার জীবন আঙ্গার হইব।।
 তোমার লাইগা রে । 

ভুলতে পার বন্ধু তুমি আমি ভুলি নাই
 পর কালে যেন বন্ধু
 মরন কালে যেন বন্ধু একবার তোমায় পাই।
 যদি না পাই সে কালে প্রেম যাইব বিফলে
 তখন কিন্তু বলব আমি , তখন কিন্তু বলব আমি
 প্রেম কিছুই না রে ।।';'মুজিব পরদেশী';'মুজিব পরদেশী';'0'
'আমি কেমন করে পত্র লিখি গো বন্ধু';'আমি কেমন করে পত্র লিখি গো বন্ধু
 গ্রাম পোস্ট অফিস নাই জানা
 তোমায় আমি হলেম অচেনা

বন্ধুরে হইতা যদি দেশের দেশী
 ঐ চরণে হইতাম দাসীরে
 আমি দাসী হইয়া সঙ্গে যাইতাম রে বন্ধু
 শুনতামনা কারো মানা

বন্ধুরে শুইলে না আসে রে নিদ্রা
 ক্ষণে ক্ষণে আসে তন্দ্রা গো
 আমি স্বপন দেখে জেগে উঠি রে বন্ধু
 কেন্দে ভিজাই বিছানা';'মুজিব পরদেশী';'মুজিব পরদেশী';'0'
'প্রাণ সখিরে';'প্রাণ সখিরে
 ঐ শোন কদম্ব তলে বংশী বাজায় কে

বংশী বাজায় কে রে সখী
 বংশী বাজায় কে।

আমার মাথার বেনী বদল দেব
 তারে আইনা দে।

যে পথ দিয়ে বাজায় বাঁশি
 যে পথ দিয়ে যায়।
 সোনার নুপূর পরে পায়
 আমার নাকের বেতর খুইলা দেব
 সেই না পথের গায়
 আমার গলার হার ছড়িয়ে দেব
 সেই না পথের গায়
 যদি হার জড়িয়ে পড়ে পায়।।

যার বাঁশি এমন সে বা কেমন
 জানিস যদি বল
 সখি করিস নাকো ছল
 আমার মন বড় চঞ্চল

আমার প্রাণ বলে তার বাঁশি জানে
 আমার চোখের জল
 আমার মন বলে তার বাঁশি জানে
 আমার চোখের জল।।

সরলা বাঁশের বাঁশি ছিদ্র গোটা ছয়
 বাশী কতই কথা কয়

নাম ধরিয়া বাজায় বাঁশি
 রহনও না যায়
 ঘরে রহনও না যায়।।';'আব্বাস উদ্দিন আহমেদ';'জসীম উদ্দীন';'0'
'রঙ্গিলা রঙ্গিলা রঙ্গিলা রে';'রঙ্গিলা রঙ্গিলা রঙ্গিলা রে রঙ্গিলা
 আমারে ছাড়িয়া বন্ধু কই গেলা রে
 বন্ধু কই রইলা রে
 আমারে ছাড়িয়ারে বন্ধু কই গেলা রে

তুমি হইও গাঙ্গ রে বন্ধু
 আমি গাঙ্গের পানি।

জোয়ারে ভাটাতে হবে
 নিতুই জানাজানি রে নিতুই জানাজানি

তুমি হইও ফুলরে বন্ধু আমি হবো হাওয়া
 দেশ বিদেশে ফিরবো আমি
 হইয়া মাতেলা রে হইয়া পাগেলা।।

সেকালে কইছিলারে বন্ধু
 হস্ত দিয়া মাথে।

তোমার মালার ফুল হইয়া
 ফুইটা রব সাথে রে ফুইটা রব সাথে

খালি কণ্ঠ খালি রইল
 না পরিলাম মালা।

না আইলো মোর প্রাণের পতি
 (হায় হায় রে…)
 ডুইবা গেলো বেলা রে ডুইবা গেলো বেলা।।';'কিরণ চন্দ্র রায়';'শচীন দেব বর্মণ';'0'
'আমায় ভাসাইলি রে আমায় ডুবাইলি রে';'উথালী পাথালী আমার বুক আমার মনে তে নাই সুখ রে
 আমায় ডুবাইলিরে…… আমায় ভাসাইলি রে,
 অকুল দরিয়ায় বুঝি কূল নাই রে।

আমায় ভাসাইলি রে, আমায় ডুবাইলি রে
 অকুল দরিয়ার বুঝি কূল নাই রে।।

কুল নাই সীমা নাই অথৈ দরিয়ার পানি
 দিবসে নিশিথে ডাকে দিয়া হাতছানি রে
 অকুল দরিয়ার বুঝি কূল নাই রে।।

পানসা জলে সাঁই ভাসায়ে সাগরেরও বানে ।।
 আমি জীবনের ভেলা ভাসাইলাম।
 কেউ না তা জানে রে।।
 অকুল দরিয়ার বুঝি কূল নাই রে।।
 আমায় ডুবাইলি রে
 আমায় ভাসাইলি রে,

আসমান চাহে দরিয়া পানে
 দরিয়া আসমান পানে ।।
 আরো লক্ষ বছর পার হইল
 কেউ না তা জানে
 অকুল দরিয়ার বুঝি কূল নাই রে।।
 আমায় ডুবাইলি রে
 আমায় ভাসাইলি রে,

কুল নাই সীমা নাই অথৈ দরিয়ার পানি
 দিবসে নিশিথে ডাকে দিয়া হাতছানি রে
 অকুল দরিয়ার বুঝি কূল নাই রে।।
 আমায় ডুবাইলি রে
 আমায় ভাসাইলি রে,';'রুনা লায়লা';'পল্লীকবি জসিম উদ্দিন';'0'
'আমার সোনার ময়না পাখি';'আমার সোনার ময়না পাখি
 কোন দেশেতে গেলা উইড়া রে
 দিয়া মোরে ফাঁকি রে
 আমার সোনার ময়না পাখি ।।

সোনা বরণ পাখিরে আমার
 কাজল বরণ আঁখি
 দিবানিশি মন চায়রে
 বাইন্ধা তরে রাখি রে
 আমার সোনার ময়না পাখি ।।

দেহ দিছি প্রাণরে দিছি
 আর নাই কিছু বাকী
 শত ফুলের বাসন দিয়ারে
 অঙে দিছি মাখি রে
 আমার সোনার ময়না পাখি ।।

যাইবা যদি নিঠুর পাখি
 ভাসাইয়া মোর আঁখি
 এ জীবন যাবার কালে রে
 ও পাখি রে
 একবার যেন দেখি রে
 আমার সোনার ময়না পাখি ।।';'নীনা হামিদ';'বিচ্ছেদী';'0'
'আমায় এত রাতে ক্যানে ডাক দিলি';'আমায় এত রাতে ক্যানে ডাক দিলি প্রাণ কোকিলা রে
 আমায় এত রাতে ক্যানে ডাক দিলি ।।
 নিভা ছিল মনের আগুন জ্বালাইয়া গেলি প্রাণ কোকিলা রে
 আমায় এত রাতে ক্যানে ডাক দিলি…

আম ধরে থোকা থোকা তেতুল ধরে ব্যাকা…হায়রে তেতুল ধরে ব্যাকা
 আমার আসবে বলে শ্যাম কালাচাঁন নাহি দিল দেখা প্রাণ কোকিলা রে
 আমায় এত রাতে ক্যানে ডাক দিলি……

আমার শিয়রে শাশুড়ী ঘুমায় জলন্ত নাগিনী… হায়রে জলন্ত নাগিনী ।।
 আমার পৈঠানে ননদী শুয়ে দুরন্ত ডাকিনী প্রাণ কোকিলা রে
 আমায় এত রাতে ক্যানে ডাক দিলি…

আম গাছে আম ধরে জাম গাছে জাম……হায়রে জাম গাছে জাম ।।
 আমি পন্থের দিকে চাইয়া থাকি
 আসেনি মোর শ্যাম প্রাণ কোকিলা রে
 আমায় এত রাতে ক্যানে ডাক দিলি প্রাণ কোকিলা রে

প্রাণ কোকিলা রে
 বন্ধুর বাড়ী আমার বাড়ী মইধ্যে জলের বেড়া
 ওরে হাত বাড়াইয়া দিছে পাঢ কপাল দেখি পোড়া

প্রাণ কোকিলা রে
 আমায় এত রাতে ক্যানে ডাক দিলি প্রাণ কোকিলা রে
 আমায় এত রাতে ক্যানে ডাক দিলি';'আলমগীর';'পল্লীকবি জসিম উদ্দিন';'0'
'শুয়াচান পাখি';'শুয়াচান পাখি আমার শূয়াচান পাখি
 আমি ডাকিতাছি তুমি ঘুমাইছ নাকি।।

তুমি আমি জনম ভরা
 ছিলাম মাখামাখি,
 আজ কেন হইলে নীরব
 মেলো দুটি আঁখি।।

বুলবুলি আর তোতা ময়না
 কত নামে ডাকি,
 তোরে কত নামে ডাকি
 শিকল ভেঙ্গে চলে গেলে কারে লইয়া থাকি।।

তোমার আমার এই পিরিতি
 চর্ন্দ্র সূর্য্য সাক্ষী,
 হঠাত করে চলে গেলে
 বুঝলাম না চালাকিরে পাখি
 আমি ডাকিতাছি তুমি ঘুমাইছ নাকি।।';'বারী সিদ্দিকী';'পল্লীগীতি';'0'
