'আমি যারে ভালবাসি';'হাওয়ায় মিঠাই
 কথা ও সুর : সংগ্রহ
 শিল্পী : কিশোর পলাশ

আমি যারে ভালবাসি
 তারে আবার বাসি না
 কেন তারে ভাল লাগে না
 আমি যারে ভালবাসি ।

ঘুরলাম কত বৈদেশ বন্দর
 পাইলাম না তো একটা অন্তর
 যা দেখি তাই হাওয়ায় মিঠাই
 আসলের আসল কিছু নাই ।

ঘরের মায়ায় টানে মোরে
 বাহিরেও যে ছাড়ে নারে
 রঙ্গিলা দো-টানায় পইড়া
 সন্নাসী হইতেও আমি পারলাম ।';'কিশোর পলাশ';'জয় গুরু';'0'
'কতভাবে বিরাজিছ বিশ্ব-মাঝারে';'কতভাবে বিরাজিছ বিশ্ব-মাঝারে।
 মত্ত এ চিত তবু, তর্ক বিচারে।
 নিত্য নিয়তি বলে বায়ু ধায়, মেঘ চলে,
 শ্যাম-বিটপি দলে সু-রসাল ফল ফলে,
 পাখী গাহে, ফুল ফোটে, তটিনী বহিয়া যায়।
 দ্বিধাহীন অনুভুতি হৃদয়ে রহিয়া যায়,
 স্তম্ভিত চিত পায় জ্যোতি আঁধারে।
 অসীম শূন্য তলে সৌর-জগত কত,
 ভ্রানি- হীন ভ্রমে চির- চিহ্নিত পথ ;
 রুগ্ন শিশুরে ধরি‘জননী বক্ষো পরি
 উষ্ণ কপোলে চুমে, নয়নে অশ্রু মরি !
 বিশ্ব-দৃশ যত, ‘অসি’’প্রচারে।';'কৃষ্ণা চট্টোপাধ্যায়';'দ্বিজেন্দ্রলাল রায়';'0'
'ওরা, চাহিতে জানে না, দয়াময়';'ওরা, চাহিতে জানে না, দয়াময়।
 ওরা, চাহে ধন, জন, আয়ু, আরোগ্য বিজয়।
 করুণার সিন্ধু কুলে তথাপি নিলাজ হিয়া,
 বসিয়া, মনের ভুলে মহাব্যস্ত তাই নিয়া,
 এক বিন্দু বারি তুলে ভাঙিতে গড়িতে, হ’য়ে
 মুখে নাহি লয়, পড়ে অসময়।
 তীরে করি ‘ছুটাছুটি, আহা!ওরা জানে না ত’,
 ধুলি বাঁধে মুঠিমুঠি, করুণা নির্ঝর নাথ,
 পিয়াসে আকুল হিয়া, না চাহিতে নিরন্তর,
 আরো ক্লিষ্ট হয়। ঝর ঝর বয় ;
 কি ছাই মাগিরে নিয়ে, চির তৃপ্তি আছে যাহে,
 কি ছাই করে তা দিয়ে, তা যদি গো নাহি চাহে,
 দু’দিনের মোহ, ভেঙে তাই দিও দীনে, যা’তে
 চুরমার হয় ; পিপাসা না রয়।';'যূথিকা রায়';'বিবিধ';'0'
'আমি সকল কাজের পাই হে সময়';'আমি সকল কাজের পাই হে সময় তোমারে ডাকিতে পাই নে,
 আমি চাহি দারা সুত সুখ সম্মিলন তব সঙ্গ সুখ চাই নে।।
 আমি কতই যে করি বৃথা পর্যটন তোমার কাছে তো যাই নে;
 আমি কত কি যে খাই ভস্ম আর ছাই তব প্রেমামৃত খাই নে।।
 আমি কত গান গাহি মনের হরষে তোমার মহিমা গাই নে;
 আমি বাহিরের দুটো আঁখি মেলে চাই জ্ঞান আঁখি মেলে চাই নে।।
 আমি কার তরে দেই আপনা বিলায়ে ও পদতলে বিকাই নে;
 আমি সবারে শিখাই কত নীতি কথা মনেরে শুধু শিখাই নে।।';'পান্নালাল ভট্টাচার্য্';'রজনীকান্ত সেন';'0'
'আমি দেখেছি জীবন ভ’রে চাহিয়া কত';'আমি দেখেছি জীবন ভ’রে চাহিয়া কত ;
 তুমি আমারে যা দাও, সবই তোমারি মত।
 আকুল হইয়ে মিছে,
 চেয়ে মরি কত কিযে,
 কাঁদে পদতলে নিষ্ফল বাসনা শত।
 কিসে মোর ভাল হয়
 তুমি জান, দয়াময়,
 তবু নির্ভর জানে না এ অবিনত।
 আমি কেন চেয়ে মরি ;
 তুমি জান কি সে, হরি
 সফল হইবে মম জীবন ব্রত।
 চাহিব না কিছু আর ;
 দিব শ্রীচরণে ভার,
 হে দয়াল, সদা মম কুশল-রত।';'অনুপ ঘোষাল';'রজনীকান্ত সেন';'0'
'আমি তো তোমারে চাহিনি';'আমি তো তোমারে চাহিনি জীবনে তুমি অভাগারে চেয়েছ;
 আমি না ডাকিতে, হৃদয় মাঝারে নিজে এসে দেখা দিয়েছ।।
 চির-আদরের বিনিময়ে সখা! চির অবহেলা পেয়েছ
 আমি দূরে ছুটে যেতে দুহাত পসারি ধরে টেনে কোলে নিয়েছ।।
 ও পথে যেও না ফিরে এস বলে কানে কানে কত কয়েছ
 আমি তবু চলে গেছি ফিরায়ে আনিতে পাছে পাছে ছুটে গিয়েছ।।
 এই চির অপরাধী পাতকীয় বোঝা হাসি মুখে তুমি বয়েছ,
 আমার নিজ হাতে গড়া বিপদের মাঝে বুকে করে নিয়ে রয়েছ।।';'হেমন্ত মুখোপাধ্যায়';'রজনীকান্ত সেন';'0'
'আমায় সকল রকমে কাঙাল করেছে';'আমায় সকল রকমে কাঙাল করেছে,
 গর্ব করিতে চুর ;
 যশঃ ও অর্থ, মান ও সাস্থ্য,
 সকলি করেছে দূর |
 ঐগুলো সব মায়াময় রূপে,
 ফেলেছিল মোরে অহমিকা-কূপে,
 তাই সব বাধা সরায়ে দয়াল
 করেছে দীন আতুর ;
 আমায় সকল রকমে কাঙাল করিয়া,
 গর্ব করিছে চুর |

তাই, সকল রকমে কাঙ্গাল করিয়া,
 গর্ব করিছে চুর |
 ভবিতাম, “আমি লিখি বুঝি বেশ,
 আমার সংগীত ভালবাসে দেশ”,
 তাই, বুঝিয়া দয়াল ব্যাধি দিল মোরে,
 বেদনা দিল প্রচুর ;
 আমায় কত না যতনে শিক্ষা দিতেছে,
 গর্ব করিতে চুর !';'পান্নালাল ভট্টাচার্য';'রজনীকান্ত সেন';'0'
'আমরা নেহাত্ গরীব আমরা নেহাত্ ছোট';'আমরা নেহাত্ গরীব আমরা নেহাত্ ছোট ;
 তবু আজি সাত কোটি ভাই জেগে ওঠো ||
 জুড়ে দে ঘরের তাঁত সাজা দোকান ;
 বিদেশে না যায় ভাই গোলারি ধান ;
 আমরা মোটা খাব, ভাই রে প’রবো মোটা ;
 মাখবো না ল্যাভেন্ডার, চাই নে ‘অটো’ ||
 নিয়ে যায় মায়ের দুধ পরে দুয়ে’
 আমরা, রব কি উপোসী ঘরে শুয়ে ?
 হারাস্ নে ভাই রে, আর এমন সুদিন
 মায়ের পায়ের কাছে এসে জোটো ||
 ঘরের দিয়ে আমরা পরের মেঙে ;
 কিন্ বো না ঠুন্ কো কাঁচ, যায় যে ভেঙে ;
 থাকলে, গরীব হয়ে, ভাই রে, গরীব চালে,
 তাতে হ’বে নাকো মান খাটো ||';'কোরাস';'রজনীকান্ত সেন';'0'
'কী মাধুর্য জন্মভূমি জননী তোমার';'কী মাধুর্য জন্মভূমি জননী তোমার!
 হেরিব কী তোমারে মা নয়নে আবার।
 কত দিন আছি ছাড়ি,
 তবু কি ভুলিতে পারি,
 তবুও জাগিছ মাত হৃদয়ে আমার।
 লালিত শৈশব যথা যাপিত যৌবন,
 ভুলিতে সে- প্রিয় দৃশ্য চাহে কী গো মন,
 প্রতি তরুলতা সনে
 মিশ্রিত জড়িত মনে,
 স্মৃতিচোখে প্রিয় ছবি হেরি বারবার।
 তোমা বিনা অন্য কারে মা বলে ডাকিতে,
 কখনো বাসনা মাত নাহি হয় চিতে;
 অভূষণ শোভারাশি,
 মাতঃ তব ভালবাসি;
 চাই না সুরম্য স্থান নানা অলঙ্কার।
 স্বর্গীয় মাধুর্যময় স্বদেশ আমার!';'কৃষ্ণা চট্টোপাধ্যায়';'দ্বিজেন্দ্রলাল রায়';'0'
'কীসের শোক করিস ভাই';'কীসের শোক করিস ভাই –
 আবার তোরা মানুষ হ’।
 গিয়াছে দেশ দুঃখ নাই, —
 আবার তোরা মানুষ হ’।।

পরের পরে কেন এ রোষ,
 নিজেরাই যদি শত্রু হস্?
 তোদের এ যে নিজেরই দোষ –
 আবার তোরা মানুষ হ’।
 ঘুচাতে চাস যদি রে এই
 হতাশাময় বর্তমান;
 বিশ্বময় জাগায়ে তোল্
 ভায়ের প্রতি ভায়ের টান;

ভুলিয়ে যা রে আত্মপর,
 পরকে নিয়ে আপন কর্;
 বিশ্ব তোর নিজের ঘর –
 আবার তোরা মানুষ হ’।
 শত্রু হয় হোক না, যদি
 সেথায় পাস মহৎ প্রাণ,
 তাহারে ভালো বাসিতে শেখ্,
 তাহারে কর্ হৃদয় দান।
 মিত্র হোক – ভণ্ড যে –
 তাহারে দূর করিয়া দে;

সবার বাড়া শত্রু সে, —
 আবার তোরা মানুষ হ’।
 জগৎ জুড়ে দুইটি সেনা
 পরস্পরে রাঙায় চোখ;
 পুণ্য সেনা নিজের কর্,
 পাপের সেনা শত্রুর হোক;
 ধর্ম যথা সেদিকে থাক্,—
 ঈশ্বরেরে মাথায় রাখ্;
 স্বজন দেশ ডুবিয়া যাক –
 আবার তোরা মানুষ হ’।।';'কৃষ্ণা চট্টোপাধ্যায়';'দ্বিজেন্দ্রলাল রায়';'0'
'ওরে আমার সাধের বীণা';'ওরে আমার সাধের বীণা,
 ওরে আমার সাধের গান,
 (তোর ওই) কোমল সুরে ব্যথা ঝরে,
 আকুল করে আমার প্রাণ!
 (ও তোর) শত তানে একই কথা,
 শত লয়ে একই ব্যথা, —
 (শুধু) নিরাশার কাতরতা,
 হতাশার অপমান।

(কোরাস) –
 পার যদি জাগো বীণা,
 ধরো আরও উচ্চতান,
 গাইব আমি নূতন গানে –
 নূতন প্রাণে কম্পমান।

(যখন) বীণার সুরে গলা সেধে,
 গাইতে যাই রে ফেলি কেঁদে,
 (শুধু) মিশে যায় সে মনের খেদে –
 আঁখির জলে অবসান;
 (কোথায়) আনন্দেতে উঠব নেচে,
 মরা মানুষ উঠবে বেঁচে,
 (আমি) পাই না সুধাসাগর ছেঁচে –
 ভাগ্যে শুধুই বিষপান!

(কোরাস) –
 পার যদি জাগো বীণা,
 ধরো আরও উচ্চতান,
 গাইব আমি নূতন গানে –
 নূতন প্রাণে কম্পমান।

(বীণা) পার যদি জাগো তবে,
 বেজে ওঠো উচ্চরবে,
 (আজ) নূতন সুরে গাইতে হবে,
 আমি সঙ্গে ধরি তান;
 (ছেড়ে) লোকলজ্জা, সমাজ-ভয়,—
 যাতে, সবাই আবার মানুষ হয়,
 (এমনি) গাইতে পারি দয়াময় –
 কর এই বরদান।

(কোরাস) –
 পার যদি জাগো বীণা,
 ধরো আরও উচ্চতান,
 গাইব আমি নূতন গানে –
 নূতন প্রাণে কম্পমান।';'কৃষ্ণা চট্টোপাধ্যায়';'দ্বিজেন্দ্রলাল রায়';'0'
'আজি গো তোমার চরণে, জননী!';'আজি গো তোমার চরণে, জননী!
 আনিয়া অর্ঘ্য করি মা দান;
 ভক্তি-অশ্রু-সলিল-সিক্ত
 শতেক ভক্ত দীনের গান!
 মন্দির রচি মা তোমার লাগি,
 পয়সা কুড়ায়ে পথে পথে মাগি,
 তোমারে পূজিতে মিলেছি জননী,
 স্নেহের সরিতে করিয়া স্নান!

(কোরাস) –
 জননী বঙ্গভাষা, এ জীবনে
 চাহি না অর্থ চাহি না মান,
 যদি তুমি দাও তোমার ও-দুটি
 অমল-কমল-চরণে স্থান!

জান কী জননী জান কী কত যে
 আমাদের এই কঠোর ব্রত!
 হায় মা! যাহারা তোমার ভক্ত,
 নিঃস্ব কী গো মা তারাই যত!
 তবু সে-লজ্জা তবু সে-দৈন্য,
 সহেছি মা সুখে তোমারি জন্য,
 তাই দু-হস্তে তুলিয়া মস্তে
 ধরেছি যেন সে-মহৎ মান।

(কোরাস) –
 জননী বঙ্গভাষা, এ জীবনে
 চাহি না অর্থ চাহি না মান,
 যদি তুমি দাও তোমার ও-দুটি
 অমল-কমল-চরণে স্থান!

নয়নে বহেছে নয়নের ধারা
 জ্বলেছে জঠরে যখন ক্ষুধা,
 মিটায়েছি সেই জঠরজ্বালায়
 পিইয়া তোমার বচনসুধা,
 মরুভূমে সম যখন তৃষায়,
 আমাদের মাগো ছাতি ফেটে যায়,
 মিটায়েছি মাগো সকল পিপাসা
 তোমার হাসিটি করিয়া পান।

(কোরাস) –
 জননী বঙ্গভাষা, এ জীবনে
 চাহি না অর্থ চাহি না মান,
 যদি তুমি দাও তোমার ও-দুটি
 অমল-কমল-চরণে স্থান!

পেয়েছি যা-কিছু কুড়ায়ে তাহাই
 তোমার কাচভহে মা এসেছি ছুটি,
 বাসনা, তাহাই গুছায়ে যতনে
 সাজাব তোমার চরণ দুটি।
 চাহি নাকো কিছু, তুমি মা আমার, –
 এই জানি শুধু নাহি জানি আর,
 তুমি গো জননী হৃদয় আমার,
 তুমি গো জননী আমার প্রাণ!

(কোরাস) –
 জননী বঙ্গভাষা, এ জীবনে
 চাহি না অর্থ চাহি না মান,
 যদি তুমি দাও তোমার ও-দুটি
 অমল-কমল-চরণে স্থান!';'কৃষ্ণা চট্টোপাধ্যায়';'দ্বিজেন্দ্রলাল রায়';'0'
'অলক্ষিতে মুখে তার খ্যালে আলো জোছনার';'অলক্ষিতে মুখে তার খ্যালে আলো জোছনার,
 উজলি মধুর ধরা বিকাশি মাধুরী তার।
 যবে সেই রহে পাশে, ধরণি কেমন হাসে;
 চলে যায় অমনি সে হয়ে আসে অন্ধকার।
 এ রহস্য গূঢ়তর; – যায় যদি শশীকর,
 যায় না কুসুমগন্ধ, যায় নাকো কুহুস্বর;
 বিহনে তাহার – সব থেমে যায়, গীতিরব;
 শুকায় সৌরভ; যায় সব সুধা বসুধার।';'সুজাতা মজুমদার';'দ্বিজেন্দ্রলাল রায়';'0'
'অতুল চিরবিমোহন তুমি সুন্দর সুরধাম।';'অতুল চিরবিমোহন তুমি সুন্দর সুরধাম।
 শত স্মিতপরিবিহরিত, কুসুমিত, সুশ্যাম।
 শত শীতল ঘন নিকুঞ্জ, শত বিহঙ্গ-মুখরিত রে,
 শত নির্ঝর ঝর্ঝর ঝংকারিত অবিরাম।
 –মলয়ানিলসেবিত মৃদু অমররূপরাশি রে –
 বন উপবনময় শিহরিত গীতিগন্ধ হাসি রে;
 হা অনাথা অমরাবতী! কী সুখে হতভাগিনি!
 হাস হাস হাস তবু সুভূষিত অবিরাম।';'কৃষ্ণা চট্টোপাধ্যায়';'দ্বিজেন্দ্রলাল রায়';'0'
'হৃদয় আমার গোপন করে';'হৃদয় আমার গোপন করে

আর ত লো সই রৈতে নারি,

ভরা গাঙে ঝড় উঠেছে –

থর থর কাঁপছে বারি।

ঢেউয়ে ঢেউয়ে নৃত্য তুলে

ছাপিয়ে উঠে কূলে কূলে

বাঁধ দিয়ে এ মত্ত তুফান

আর কি ধরে’ রাখতে পারি।

মানের মানা শুনবো না আর

মান-অভিমান আর কি সাজে,

মানের তরী ভাসিয়ে দিয়ে

ঝাঁপ দেবো এই তুফানমাঝে।';'নূপুরছন্দা ঘোষ';'দ্বিজেন্দ্রলাল রায়';'0'
'আমরা এমনই এসে ভেসে যাই';'আমরা এমনই এসে ভেসে যাই –

আলোর মতন, হাসির মতন,

কুসুমগন্ধরাশির মতন,

হাওয়ার মতন, নেশার মতন

ঢেউয়ের মতো ভেসে যাই।

আমরা অরুণ-কনক কিরণে চড়িয়া নামি;

আমরা সান্ধ্য রবির কিরণে অস্তগামী;

আমরা শরৎ ইন্দ্রধনুর বরণে

জ্যোৎস্নার মতো চকিত চরণে,

চপলার মতো চকিত চমকে

চাহিয়া, ক্ষণিক হেসে যাই।

আমরা স্নিগ্ধ, কান্ড, শান্তি-সুপ্তিভরা

আমরা আসি বটে, তবু কাহারে দিই না ধরা

আমরা শ্যামলে শিশিরে গগনের নীলে

গানে, সুগন্ধে, কিরণে-নিখিলে

স্বপ্নরাজ্য হতে এসে, ভেসে

স্বপ্নরাজ্য দেশে যাই।';'কৃষ্ণা চট্টোপাধ্যায়';'দ্বিজেন্দ্রলাল রায়';'0'
'আমরা – মলয় বাতাসে ভেসে যাবো';'আমরা – মলয় বাতাসে ভেসে যাবো

শুধু কুসুমের মধু করিব পান;

ঘুমোবো কেতকী সুবাস শয়নে

চাঁদের কিরণে করিব স্নান।

কবিতা করিবে আমারে বীজন

প্রেম করিবে স্বপ্নসৃজন,

স্বর্গের পরী হবে সহচরী,

দেবতা করিবে হৃদয়দান।

সন্ধ্যার মেঘে করিব দুকূল, ইন্দ্রধনুরে চন্দ্রহার

তারায় করিব কর্ণের দুল

জড়াবো গায়েতে অন্ধকার।

বাষ্পের সনে আকাশে উঠিব

বৃষ্টির সনে ধরায় লুটিব

সিন্ধুর সনে সাগরে ছুটিব

ঝঞ্ঝার সনে গাহিব গান।';'কৃষ্ণা চট্টোপাধ্যায়';'দ্বিজেন্দ্রলাল রায়';'0'
'তুমি বাঁধিয়া কী দিয়ে রেখেছ হৃদি এ';'তুমি বাঁধিয়া কী দিয়ে রেখেছ হৃদি এ,

(আমি) পারি না যেতে ছাড়ায়ে,

এ যে বিচিত্র নিগূঢ় নিগড় মধুর –

(কী) প্রিয় বাঞ্ছিত কারা-এ!

এ যে যেতে বাজে চরণে এ পয বিরহ কাজে স্মরণে

কোথায় যায় মিলিয়া যে মিলনের হাসি

চুম্বনের পাশে হারায়ে।';'কৃষ্ণা চট্টোপাধ্যায়';'দ্বিজেন্দ্রলাল রায়';'0'
'এসো এসো বঁধু বাঁধি বাহুডোরে,';'এসো এসো বঁধু বাঁধি বাহুডোরে,

এসো বুকে করে রাখি।

বুকে ধরে মোর আধ ঘুমঘোরে

সুখে ভোর হয়ে থাকি।

মুছে যাক চখে এ নিখিল সব

প্রাণে প্রাণে আজ করি অনুভব

মিলিত হৃদির মৃদু গীতরব –

আধানিমীলিত আঁখি।

বহুক বাহির পবন বেগে

করুক গর্জন অশনি মেঘে

রবি-শশী-তারা হয়ে যাক হারা

আঁধার ফেলুক ঢাকি

আমি তোমার বঁধু, তুমি আমার বঁধু

এই শুধু নিয়ে থাকি –

বিশ্ব হতে সব লুপ্ত হয়ে যাক

আর যা রহিল বাকি।';'কৃষ্ণা চট্টোপাধ্যায়';'দ্বিজেন্দ্রলাল রায়';'0'
'আমি রব চিরদিন তব পথ চাহি';'আমি রব চিরদিন তব পথ চাহি

ফিরে দেখা পাই আর নাই পাই।

দূরে থাক, কাছে থাক, মনে রাখ, নাহি রাখ

আর কিছু চাহি নাকো, আর কোন সাধ নাহি।

অবহেলা, অপমান বুকে পেতে লব, প্রাণ –

ভালোবেসেছিলে জানি, মনে শুধু রবে তাই।

আমি তবু তব লাগি, নিশিদিন রব চাহি

এমনই যুগ-যুগ, জনম-জনম বাহি।';'কৃষ্ণা চট্টোপাধ্যায়';'দ্বিজেন্দ্রলাল রায়';'0'
'অন্তরায়';'আমি তোমায় ভালবাসি
 জগতে হইয়াছি দোষী।
 না পাইয়া তবু খুশি।
 তোমার ছবি রাখলাম অন্তরায়

তোমার সাথে প্রেম করিয়া
 হইলাম কত অপমান

মিষ্টি মিষ্টি কথা কইয়া
 আমার সনে প্রেম করিলা।

এখন কেন যাও ভুলিয়া।
 তোমার ছবি রাখলাম অন্তরায়

তোমার সাথে প্রেম করিয়া
 হইলাম কত অপমান।

জাতি কুল মান সবই গেল
 এখন শুধু বাকি প্রাণ।

তোমার সাথে প্রেম করিয়া।.
 হায়রে হইলাম কত অপমান

নান্না রান্না নান্না রান্না
 আহা হাহা আহা হা';'শব্দ কবি';'২০১২';'0'
'যদি তোর হৃদ-যমুনা হলো';'যদি তোর হৃদ-যমুনা হলো রে উছল
 রে ভোলা
 তবে তুই এ কুল ও কুল ভাসিয়ে দিয়ে চল
 রে ভোলা ।।

আজি তুই ভরা প্রাণে
 ছুটে যা নৃত্যে গানে
 যে আসে প্রেম প্লাবনে ভাসিয়ে নিয়ে চল
 রে ভোলা ।
 যে আসে মনের দুখে
 যে আসে ফুল্ল মুখে
 টেনে নে সবায় বুকে তোর থাকনা চোখে জল
 রে ভোলা ।।

দু’ধারের ফুল কুড়িয়ে
 চলে যা মন জুড়িয়ে
 মালা তোর হলে বিফল করবি কি তুই বল
 রে ভোলা ।
 মিছে তোর সুখের ডালি
 মিছে তোর দুখের কালি
 দু’ দিনের কান্না হাসি সব ছল, ছল, ছল
 রে ভোলা ।।

জীবনের হাটে আসি
 বাজা তুই বাজা বাঁশি
 থাক সে থাক বেচাকেনার দারুন কোলাহল
 রে ভোলা ।
 অরূপের রূপের খেলা
 চুপ করে দেখ দু’বেলা
 কাছে তোর এলে কুরূপ তুই মুখ ফিরায়ে চল
 রে ভোলা ।।';'নিলুফার ইয়াসমিন';'ওগো নিঠুর দরদী';'0'
'ফেরীওয়ালা';'কষ্ট নেবে কষ্ট
 হরেক রকম কষ্ট আছে
 কষ্ট নেবে কষ্ট !

লাল কষ্ট নীল কষ্ট কাঁচা হলুদ রঙের কষ্ট
 পাথর চাপা সবুজ ঘাসের সাদা কষ্ট,
 আলোর মাঝে কালোর কষ্ট
 ‘মালটি-কালার’ কষ্ট আছে
 কষ্ট নেবে কষ্ট ।

ঘরের কষ্ট পরের কষ্ট পাখি এবং পাতার কষ্ট
 দাড়ির কষ্ট
 চোখের বুকের নখের কষ্ট,
 একটি মানুষ খুব নীরবে নষ্ট হবার কষ্ট আছে
 কষ্ট নেবে কষ্ট ।

প্রেমের কষ্ট ঘৃণার কষ্ট নদী এবং নারীর কষ্ট
 অনাদর ও অবহেলার তুমুল কষ্ট,
 ভুল রমণী ভালোবাসার
 ভুল নেতাদের জনসভার
 হাইড্রোজনে দুইটি জোকার নষ্ট হবার কষ্ট আছে
 কষ্ট নেবে কষ্ট ।

দিনের কষ্ট রাতের কষ্ট
 পথের এবং পায়ের কষ্ট
 অসাধারণ করুণ চারু কষ্ট ফেরীঅলার কষ্ট
 কষ্ট নেবে কষ্ট ।

আর কে দেবে আমি ছাড়া
 আসল শোভন কষ্ট,
 কার পুড়েছে জন্ম থেকে কপাল এমন
 আমার মত ক’জনের আর
 সব হয়েছে নষ্ট,
 আর কে দেবে আমার মতো হৃষ্টপুষ্ট কষ্ট ।';'হেলাল হাফিজ';'ফেরীওয়ালা';'0'
'যদি ভাবো কিনছ আমায়';'যদি ভাবো কিনছো আমায় ভুল ভেবেছ।
 কেনা যায় কণ্ঠ আমার দফা দফা
 রুজি রোজগারের জন্য করছি রফা

দু’হাতের আঙুলগুলো কিনতে পারো
 আপসেও নেই আপত্তি নেই আমারও
 আমাকে না আমার আপস কিনছো তুমি
 বলো কে জিতল তবে জন্মভুমি জন্মভুমি।।

টাকাতেই চলছে সবার পাকস্থলী
 কেনা আর বেচা নিয়ে গেরস্থালি
 নীপাগারে রবীন্দ্রনাথ তেরেকেটে
 বাজারের খাবার ঐ ঢুকছে পেটে
 প্রতিবাদী কণ্ঠগুলো টাকার ব্যাপার
 প্রতিবাদ করতে গেলেও খাবার দাবার
 সে তুমি শ্রমিক কিংবা তা ধিন ধা না
 পেটে চাই খাবার নয়তো দিন চলে না দিন চলে না

যদি ভাবো খাচ্ছো আমায় ভুল ভেবেছো।
 খাওয়া যায় কণ্ঠ আমার দফা দফা
 বদহজম হলেই কিন্তু দফা রফা
 দুহাতের আঙুলগুলো খেতেও পারো
 আপসেও নেই আপত্তি নেই আমারও

আমাকে না আমার আপস খাচ্ছো তুমি।
 বলো কে জিতল তবে জন্মভুমি জন্মভুমি।।

কেউ বেচে তার মেহনত হাতের পেশী
 কেউ বেচে চুলের বাহার এলোকেশী
 কেউ বেচে প্রবন্ধ কোন পত্রিকাতে
 আমি বেচি আমার কণ্ঠ তোমার হাতে
 বেচি আমি আমার পদ্য সুরের ভাষা
 বিরক্তি ঘেন্না এবং ভালোবাসা
 আশাটাও পণ্য এখন বাজারদরে
 বিকোতে পারলে টাকা আসবে ঘরে আসবে ঘরে
 বেচি দিন পাল্টে দেবার গানের জবান
 কোনদিন হয়তো অন্য আর কোনো গান

টাকাডুম টাকডুমাডুম নিয়ম ছেড়ে।
 মানুষের জন্যে সুদিন আনবে কেড়ে।।';'কবির সুমন';'কবীর সুমন';'0'
'আজ জানলার কাছে ডেকে গেছে';'আজ জানলার কাছে ডেকে গেছে
 এক পাখির মতন সকাল
 যেন রাখালিয়া বাঁশি
 এই শহুরে গলার ফাঁসি
 ছিঁড়ে দেখাবে এ দুনিয়া কার।
 বলে সুখে আছো যারা সুখে থাকো
 এ-সুখ সইবে না
 দুখে আছো যারা বেঁচে থাকো
 এ-দুখ রইবে না
 বন্ধু এ-দুখ রইবে না।
 আমি ভিটেমাটি ছেড়ে এসেছি মহান টাকাপয়সার দেশে
 এই দুনিয়া সর্বনেশে
 এরা সাগর ডিঙ্গিয়ে বোমা ফেলে আসে বীরপুরুষের বেশে
 মরে কখনো-বাঁচেনি-যারা
 আহা তাদের খিদের ইতিহাস এক বিশ্রী অন্ধকারা।
 আজ সকালকে ডেকে বলি-গাও
 রবি-নজরুলগীতি
 তাতে আমার ভীষণ প্রীতি
 দ্যাখো সুরুচির পরিমিতি।
 আমি দেশ ভেঙে ভেঙে দুখান করেছি হিন্দু-মুসলমানে
 মুখের ভাষায় দেয়াল উঠেছে
 এই জল ওই পানি
 আমি সবই মানি সবই মানি
 শুধু মানি না যখন রহিম পরাণ ভায়েরা মুক্তি চায়
 তারা দু’বেলাই খেতে চায়
 আহা পাকস্থলিতে ইসলাম নেই নেইকো হিন্দুয়ানি
 তাতে যাহা জল তাহা পানি।
 পাখির মতন সকালটা আজ বড় দোটানায় ফেলেছে
 বুকের ভেতর যত কথা ছিল তারা ব্যকরণ ভুলেছে।
 ষত্ব ণত্ব বিধিতে সিদ্ধ আমি শিক্ষিত বাঙ্গালি
 আজ দয়ার দোয়ার কাঙ্গালি
 যেন বাঁশি শুনে খালি ভুলে যাই
 আমি অন্যের ক্রীতদাস
 আমি বারোমাস তেরমাস
 খাটি মরণাস্ত্রের লোভে
 ভূখা জনতার বিক্ষোভে
 এই হৃদয় কাঁপে না দোলে না
 আহা নাচে শুধু রায়বেশে
 এই সব পেয়েছির দেশে।………';'কবির সুমন';'আমেরিকা প্রবাসী বাঙালির গান';'0'
'ভরা বাদর';'এ ভরা বাদর মাহ ভাদর
 শূন্য মন্দির মোর।।

ঝম্পি ঘন গর্জন্তি সন্ততি
 ভুবন ভরি বরিখন্তিয়া।

কান্ত পাহুন কাম দারুণ
 সঘনে খর শর হন্তিয়া।।

কুলিশ শত শত পাত-মোদিত
 ময়ুর নাচত মাতিয়া।

মত্ত দাদুরি ডাকে ডাহুকী
 ফাটি যাওত ছাতিয়া।।

তিমির দিগ ভরি ঘোর যামিনী
 অথির বিজুরিক পাঁতিয়া।

বিদ্যাপতি কহ কৈছে গোঙায়বি
 হরি বিনে দিন রাতিয়া।।';'রেজওয়ানা চৌধুরী বন্যা';'রবীন্দ্রনাথ ঠাকুর';'0'
'ভরে না তোমায় দেখে দেখে মন';'ভরে না তোমায় দেখে দেখে মন
 আকাশেরও মত বদলায় রঙ
 ভরে না তোমায় দেখে দেখে মন

উদাসীর বাঁশী হয়ে ডেকে যায় দূরে
 পাখী যেনো বাসা বেঁধে চলে যায় উড়ে
 ভুলে যায় বাহারেতে ছেয়ে গেছে মন
 ভরে না তোমায় দেখে দেখে মন
 আকাশেরও মত বদলায় রঙ

ভুলে যাব কি করে যে
 ভালোবাসা দিয়ে এই সাজানো সময়
 কিছুতে পারিনা কেন
 ভুলে আমি যেতে যে তোমায়
 ভালোবেসে মন ভরে সুখ চায় তারা
 আলেয়ার পিছে ছুটে মরে যায় তারা
 আঁধারের আঁচলেতে ঢলে যায় হৃদ
 ভরে না তোমায় দেখে দেখে মন

আকাশেরও মত বদলায় রঙ
 ভরে না তোমায় দেখে দেখে মন
 আকাশেরও মত বদলায় রঙ';'অনুপ জালোটা';'জলসা';'0'
'ভালোবেসে যারা সুখ পেতে চায়';'ভালোবেসে যারা সুখ পেতে চায় ।।
 তারা ভুল করে ।।
 জলের বুকেতে যারা দাগ দিয়ে ছবি আঁকে ।।
 তারা ভুল করে ।।

ভুলের বাসর জেগে কত রাত ভোর হয় স্বপ্নে বিভোর
 ভুলের ভয়েতে যারা স্বপ্নের হাট ভেংগে
 ফিরে চলে যায়
 তারা ভুল করে ।।

বেদনার পেয়ালায় অতলে যে ডুবে গেছে
 সেই তো জীবন
 সুখের আলেয়া দেখে মনের পেয়ালা যারা
 ভেংগে দিয়ে যায়
 তারা ভুল করে ।।

চাঁদের কলংক আছে তবু তাকে বুকে পেতে
 ডাকে যে আকাশ
 কলংকের দাগ দেখে চাঁদের আলোর কথা
 যারা ভুলে যায়
 তারা ভুল করে ।।

ভালোবেসে যারা সুখ পেতে চায় ।।
 তারা ভুল করে ।।';'অনুপ জালোটা';'জলসা';'0'
'তোমার দুয়ার খোলার ধ্বনি';'তোমার দুয়ার খোলার ধ্বনি
 ওই গো বাজে
 হৃদয়-মাঝে।

তোমার ঘরে নিশিভোরে
 আগল যদি গেল সরে
 আমার ঘরে রইব তবে
 কিসের লাজে।

অনেক বলা বলেছি, সে
 মিথ্যা বলা।
 অনেক চলা চলেছি,সে
 মিথ্যা চলা।

আজ যেন সব পথের শেষে
 তোমার দ্বারে দাঁড়াই এসে,
 ভুলিয়ে যেন নেয় না মোরে
 আপন কাজে।';'দেবব্রত বিশ্বাস';'মৃণাল কান্তি নাথ';'0'
'যারা ডাকে তারা ভুলে যায়';'যারা ডাকে তারা ভুলে যায় আমি নেই তো এখানে আর
 যেখানে ঠিকানা ছিল, শুধু নাম রয়ে গেছে আজ,
 বাকি নেই কিছু আর ।। 

ফেলে আসা পথের ধুলার মাঝে
 মিশে আজ পথ হয়ে গেছি
 স্মৃতির আঁধারে আমি ভালোবাসা হয়ে আজো আছি।
 আমি নেই, আমি নেই আমি নেই তো এখানে আর
 বাকি নেই কিছু আর ।। 

কেউ﻿ থাকবে না – যেখানে সে ছিল,
 নিজেই জানে না কেন সরে গেল। 

কত ঘর থেকে, কত মন থেকে সরে গিয়ে
 কত চোখ থেকে কেন সরে যায় ? 

ভুলে যেতে যেতে ধীরে ধীরে একদিন তাকে ভুলে যায়।
 আমি নেই, আমি নেই, আমি নেই তো এখানে আর বাকি নেই কিছু আর ।।';'অনুপ জালোটা';'জলসা';'0'
'দু’চোখ';'দু’চোখের আঙ্গিনায় একেছি সীমানা
 বলনা পালাবে কোথায়
 রেখেছি গোপনে
 মনেরই এক কোনে
 হারানোর নেই যে উপায়
 আসুক না ঝড়, ভাসুক না চর
 ভরুক না হৃদয় বেদনা
 দেবনা কখনো হারাতে তোমায়

যতটুকু প্রেম তোমারই টানে
 খুব গভীরে রয়েছে জমে
 আসুক না ঝড়, ভাসুক না চর
 ভরুক না হৃদয় বেদনা
 দেবনা কখনো হারাতে তোমায়

যতটুক আশা তোমারই নামে
 তুলে রেখেছি মনেরই দামে
 আসুক না ঝড়, ভাসুক না চর
 ভরুক না হৃদয় বেদনা
 দেবনা কখনো হারাতে তোমায়';'তানভীর শাহীন';'মনের বন্দর';'0'
'স্বপ্ন আমার';'তুমি আমার আমি তোমার
 মোরা দু’জনে শুধু দু’জনার
 তুমি আমার ভালবাসা আমার
 তোমায় নিয়ে সব স্বপ্ন আমার
 ভালবেসে যাব আমরা দুজন
 সারাটি জনম ধরে
 পাশাপাশি থাকবো আমরা দু’জন
 হবো না কখনো পর 

ভালবাসা স্বপ্ন সব তোমায় ঘিরে
 ছায়া হয়ে রবো তোমার পাশে
 ভালবাসার সব সুখ তোমারই মাঝে
 এ কোন মায়া তুমি জড়ালে
 ভালবেসে যাব আমরা দুজন সারাটি জনম ধরে
 পাশাপাশি থাকবো আমরা দু’জন হবো না কখনো পর 

তোমার মায়া ভরা ঐ চোখেতে
 দেখি স্বপ্ন ঘেরা পৃথিবীকে
 মাঝরাতে ঘুম ভেংগে গেলে
 তোমায় শুধু এ মন ভেবে যায়
 ভালবেসে যাব আমরা দুজন সারাটি জনম ধরে
 পাশাপাশি থাকবো আমরা দু’জন হবো না কখনো পর 

ভালবাসা স্বপ্ন সব তোমায় ঘিরে
 ছায়া হয়ে রবো তোমার পাশে
 ভালবাসার সব সুখ তোমারই মাঝে
 এ কোন মায়া তুমি জড়ালে
 ভালবেসে যাব আমরা দুজন সারাটি জনম ধরে
 পাশাপাশি থাকবো আমরা দু’জন হবো না কখনো পর';'রিফাত ও ইয়ার্নিক';'আমাদের স্বপ্ন';'0'
'তুমি আমার';'তোমার প্রেমের ঘ্রান নিয়েছি
 এই দেহে তাই প্রাণ পেয়েছি।।
 হৃদয়ে তোমারই নাম লিখেছি।।
 তুমি আমার শুধু আমার
 আমি তোমার শুধু তোমার।।

আমাকে ভুলে যেও না
 বিরহের গান গেও না
 কখনো দুঃখ পেও না
 কখনো না
 তুমি আমার শুধু আমার
 আমি তোমার শুধু তোমার।।

তুমি আমার শুধু আমার
 আমি তোমার শুধু তোমার
 তোমাকে ছেড়ে যাব না
 এত প্রেম আর পাবো না

তোমায় হারাতে দেবো না
 কখনো না
 তুমি আমার শুধু আমার
 আমি তোমার শুধু তোমার।।';'জনি খন্দকার ও মোহনা';'সুচনা';'0'
'আমার আছে রাজপ্রাসাদ';'আমার আছে রাজপ্রাসাদ
 তোমার আছে পথ
 চলতে গেলে দুই পা তোমার
 আমার সোনার রথ
 আমি থাকি রাজপ্রাসাদে
 তুমি থাকো পথে
 কে মেপেছে কার ঘুমটা
 গভীর বেশী রাতে ?

তোমার কেমন যেখানে রাত
 সেইখানে কাত
 আমি যদি পথে ঘুমাই
 যাবে যাবে জাত
 তুমি কেমন পথের ধারে
 পা ছড়িয়ে বসো
 ঘরের ভেতর আমায় দেখে
 মনে মনে হাসো

আমার আছে অনেক কিছুই
 সোজা কথায় টাকা
 তোমার আছে উপর নীচে
 চারিপাশে ফাঁকা
 আমার আছে যা আছে তা
 হারিয়ে ফেলার ভয়
 নিশিদিন থাকি কেবল
 তার’ই পাহারায়

আমার পরিচয় আসলে
 আমি দারোয়ান
 প্রাণপণে পাহারা দেই
 মান সম্মান
 তুমি চলো রাজার মতন ..
 চলো ঝাড়া গায়ে
 পৃথিবীকে মাড়িয়ে যাও
 উলঙ্গ দু’পায়ে

আছে কিছু বিজ্ঞ লোক
 জ্ঞানী মানী গুণী
 তোমাকে ডাকলো গরীব
 আর আমকে ধনী
 আমি বলি আসলে সব
 শব্দের খেলা
 তোমার আমার দু’জনারই ..
 যায় কেটে বেলা

তারা যেন ধরেই নিল
 তুমি বড় দুখী
 পণ করেছে করবে তোমায়
 আমার মতন সুখী
 সুখী আমি সেসব দেখে
 হাসি মনে মনে
 বলি অভিধানে শব্দগুলোর
 বদল করো মানে।।';'সায়ান';'আবার তাকিয়ে দ্যাখ';'0'
'আবার তাকিয়ে দ্যাখ্‌';'তুমি বুঝতে পারোনি নাকি
 কাকে বলে স্বাধীনতা?
 আমি সহ্য করবো না’তো
 এই বেহিসেবী রসিকতা

তুমি খুঁজে যাও কতখানে
 স্বাধীনতার কি মানে
 বলি একটা অন্ধ পাখী…
 আহা সেও তো সে কথা জানে

তুমি ভুল্‌লে কেমন করে ?
 ভুল্‌লে চলবে নাকি ?
 নাকি নিজের চোখকে শুধু
 দিয়েই চলেছো ফাঁকি?

১৬´র সঙ্গে ১২ …
 লাগবে কি কিছু আরো ?
 ১ ৯ ৭ ১ …
 আবার তাকিয়ে দ্যাখ্‌!!

দিগন্ত বিস্তৃত সবুজের ময়দানে
 রক্তে সম্ভাসিত লাল সূর্যটা মাঝখানে
 চেনা চেনা ঠেকলো কি ?
 এই পতাকাটা কার ?
 স্বাধীনতা মানে
 বাংলাদেশটা তোমার আর আমার 

তুমি কি আকারে ইঙ্গিতে আর ইশারায় বলে দিচ্ছো
 এই পতাকার এই নামটার… আজ মূল্য আসলে তুচ্ছ

তুমি কি বন্ধু জেনেশুনে আজ ইতিহাস নিয়ে খেলছো ?
 আশার সঙ্গে স্বাধীনতার কি অর্থ গুলিয়ে ফেলছো ?

আমি সহ্য করবো না তো …
 শোনো ধিক্কার আজ ঘৃণার
 যেন কখনও ক্ষমা না করে …
 তোমাকে আমার শহীদ মিনার!

বলো অস্থির অকৃতজ্ঞ কন্ঠে এমন তো কথা ছিলো না
 আহা! স্বাধীনতা কেন আমার জন্যে সবকিছু এনে দিলো না!
 তোমার স্বপ্ন ভঙ্গের দায় ইতিহাস বুঝি টানবে ?
 তোমার জন্যে সাজানো গোছানো রাজ্য কে যেন আনবে!

আজ সাবধান করে দিচ্ছি …
 কথা এইখানে হবে শেষ
 যেন শুনিনা তোমার কণ্ঠে …
 এই বাংলা তোমার দেশ!!';'সায়ান';'আবার তাকিয়ে দ্যাখ';'0'
'স্বপ্ন আমার হাত ধরো';'আমার স্বপ্ন আমার হাত ধরো
 তোমার চেয়ে যোগ্য সাথি
 কোথায় পাবো আর
 আমি ক্লান্ত শ্রান্ত দ্বিধায় ভ্রান্ত…
 আহত এবং ব্যথায় শান্ত
 ভরসাহীনতা ভরাট করেছে
 আমার অন্ধকার

এই পথ এই সময়
 নয় আমার বন্ধু নয়
 নিরাশার কাছে শুধু হেরে যায়
 নিরস্ত্র এ হৃদয়
 বন্ধুকে ডাকি সাড়া দিয়ে যায়
 আমাকে জড়ানো কুয়াশার মত ভয়

আমার স্বপ্ন একটু শান্তি দাও
 আমার ব্যথায় হাত বুলাও
 আমার স্বপ্ন আমার বন্ধু হও
 আমার ব্যথায় হাত বুলাও

অসময়ের এ মৌসুমে
 বন্ধ সবার দ্বার
 এখনও অনেক বাকি
 এই কাঁটায় সাজানো পথ
 সমতল শেষে সমুখে রয়েছে
 কত গিরি পর্বত
 এখনই স্থবির কেন পথ চলা
 নিভুনিভু কেন আগুনে ভেজা শপথ

আমার স্বপ্ন করো আশীর্বাদ
 শুধু তোমায় নিয়েই কাটুক রাত
 স্বপ্ন করো আশীর্বাদ
 কাটুক আমার ব্যথার রাত
 আমায় তোমার যোগ্য করো
 সেও তো তোমার ভার';'সায়ান';'স্বপ্ন আমার হাত ধরো';'0'
'ভালোবাসার মানুষ';'ভালোবাসার মানুষ তোমার
 বাঁধন আলগা করো

আমি তোমায় ভালোবাসি তবু
 আমার জীবন আমার
 তোমারও তো দায় কিছু নেই
 মনের দখল দেবার
 মালিকানা দেবার …

 অধিকারের অজুহাতে
 শুধুই আঘাত করো
 শুরুর খেলায় জিততে গিয়ে
 শেষের খেলায় হারো

ভালোবাসার মানুষ তুমি
 আমায় শাসন করে
 পারবে না তো নিতে
 তোমার আপন ছাঁচে গড়ে 

আমি তোমায় ভালোবাসি তবু
 নই তো তোমার কেনা
 ভালোবাসি বলেই আমার
 হয়নি কিছুই দেনা

দিবা-নিশি আমার প্রেমের
 পরখ মিছেই করো
 আপোষে যা দিতাম
 এখন ভাগ পাবেনা তারো

ভালোবাসার মানুষ তোমার
 সওয়াল-জবাব শেষে
 নরম হয়ে বসো
 আমার প্রেমের কাছে এসে 

আমি তোমায় ভালোবাসি
 এই মুখের কথাই মেনো
 জবাবদিহির কৈফিয়তের
 ধার ধারিনা জেনো

ছুড়ে ফেলার ভয় দেখবার
 সুযোগ ছাড়োনিতো
 ভুলছো কেন এ দিক থেকেও
 ছিঁড়তে পারে সুতো';'সায়ান';'স্বপ্ন আমার হাত ধরো';'0'
'ভাসিয়ে দেবো তোরে';'ভাসিয়ে দেবো তোরে
 আমার প্রাণের বন্ধু ওরে
 ভেসে ভেসে যা চলে যা
 অচীন দেশান্তরে

 তোর যাবারই আয়োজনে
 বইলো চোখের নদী
 নদী আমার ফুরিয়ে আসে
 তোর বাড়েনা গতি

 সাধ মিটেছে ভালোবাসার
 চাই না তোকে আর
 বন্ধু আমার জীবনখানা
 ভীষণ লাগে ভার

বন্ধু আমার ব্যথার কাছে
 প্রেম মেনেছে হার
 রাখতে ধরে চাই না তোরে
 তুই তো আমায় ছাড় 

ঘোর কেটেছে ভালোবাসার
 ফুরিয়েছে সব দাবী
 চোখের দু’কোণ বুকের উঠোন
 ছেড়ে কবে যাবি

 ঢের খেলেছে আমায় নিয়ে
 তোর স্মৃতি তোর আশা
 আমার চোখের শ্রাবণ বেয়ে
 বিদায়ী নাও ভাসা';'সায়ান';'স্বপ্ন আমার হাত ধরো';'0'
'এক হারিয়ে যাওয়া বন্ধু';'এক হারিয়ে যাওয়া বন্ধুর সাথে
 সকাল বিকেল বেলা
 কত পুরোনো নতুন পরিচিত গান
 গাইতাম খুলে গলা

 কত এলোমেলো পথ হেঁটেছি দু’জন
 হাত ছিল না তো হাতে
 ছিল যে যার জীবনে দু’টো মন ছিল
 জড়াজড়ি একসাথে

কত ঝগড়া-বিবাদ সুখের স্মৃতিতে
 ভরে আছে শৈশব
 তোকে স্মৃতিতে স্মৃতিতে এখনো তো
 ভালোবাসছি অসম্ভব

 কেন বাড়লে বয়স
 ছোট্টবেলার বন্ধু হারিয়ে যায়
 কেন হারাচ্ছে সব বাড়াচ্ছে ভিড়
 হারানোর তালিকায়

আজ কে যে কোথায় আছি
 কোন খবর নেই তো কারো
 অথচ তোর ঐ দুঃখগুলোতে
 অংশ ছিল আমারও

এই চলতি জীবন ঘটনাবহুল
 দু’ এক ইঞ্চি ফাঁকে
 তুইতো পাবিনা আমায়
 আর আমিও খুঁজিনা তোকে

কত সুখ পাওয়া হয়ে গেল, তোকে ভুলে গেছি কতবার
 তবু শৈশব থেকে তোর গান যেন ভেসে আসে বারবার

 আজ চলতে শিখে গেছি
 তোকে নেই কিছু প্রয়োজন
 তবু ভীষন অপ্রয়োজনে তোকেই
 খুঁজছে আমার মন

তুই হয়তো ভালোই আছিস
 আর আমিও মন্দ নেই
 তবু অসময়ে এসে স্মৃতিগুলো বুকে
 আঁকিবুকি কাটবেই

 তুই কতদুরে চলে গেলি, তোকে হারিয়ে ফেলেছি আমি
 এই দুঃখটা হয়ে থাক, এই দুঃখটা বড় দামী 

সেই কোন কথা নেই মুখে
 শুধু চুপচাপ বসে থাকা
 ছিল যার যার ব্যথা তার তার বুকে
 ছড়িয়ে ছিটিয়ে রাখা

আমি ভাবিনি তখন ভুলেও এমন
 দু’জন দু’দিকে যাবে
 বুঝিনি আমার হৃদস্পন্দন
 আমারই অচেনা হবে

এই বিভক্ত পৃথিবীতে বড় শক্ত বাঁধন ছিল
 হলো অহংকারের জয়, সেই বন্ধন ছিঁড়ে গেলো

 সেই অহংকারের খেলায় দু’জনে
 জিতে গেছি একসাথে
 প্রতি ইটের জবাব পাথরে দিয়েছি
 বিজয়ের মালা হাতে

সেই বিজয়োল্লাস প্রতিধ্বনিত
 মুর্ত আর্তনাদে
 আজ বুকের ভিতর মিষ্টি একটা
 শৈশব শুধু কাঁদে

আজ অবেলার অবসরে কেন লাগছে ভীষন একা
 কত হাজার বছর তোর হাতটাকে হয়নি তো ছুঁয়ে দেখা 

 আমি কত কত বার আঁকি তোর ছবি
 ভঙ্গুর কল্পনাতে
 আজও জ্বলে যাই আজও পুড়ে যাই
 তোর দু’চোখের অবসাদে

দ্যাখ্‌ নীল নীল নীল আকাশের মত
 অনন্ত হাহাকার
 আজ বুকের ভেতর ভাঙছে ভাঙছে
 ভেঙে সব চুরমার

 কোন শত্রুরও যেন প্রাণের বন্ধু
 এমন দূরে না যায়
 শোন বন্ধু কখনো কোন বন্ধুকে
 বলোনা যেন বিদায়';'সায়ান';'স্বপ্ন আমার হাত ধরো';'0'
'হঠাৎ করেই চোখ পড়েছে';'হঠাৎ করেই চোখ পড়েছে
 আমার প’রে আমার
 মাঝখানে তো পাইনি সময়
 একটুখানি থামার

 পেছনটাতে চোখ বুলাতে
 ঘামছি মনে মনে
 আড়চোখেতে সেই আমি’কে
 দেখছি সংগোপনে

আমার চোখের সামনে দিয়েই
 বদলে গেছি আমি
 নিয়ম হলো যা হারালো
 হারিয়ে গেলেই দামী

 ইর্ষা ভরে তাকাই আমি
 সেই আমি’টার দিকে
 এই আমি’টা কেমন যেন
 পানসে, কেমন ফিকে

আমারই তো সেই দু’টো চোখ
 উচ্ছলতায় ভরা
 খরায় জরায় সবুজ শুন্য
 এ চোখ স্বপ্নহারা

সময় যেন স্বপ্ন মোছার
 পা মাড়ানো পাপোষ
 সেই আমি’টার সঙ্গে আমার
 আর কি হবে আপোষ

আমার যত সবুজ ছিল
 আর কি ফিরে পাবো
 সময় তোমার স্রোতে ভেসে
 উল্টো দিকেই যাব

 আমার চোখের সামনে দিয়ে
 এমন পুকুরচুরি
 টের পেয়েছি এতক্ষনে
 চোরের বাহাদুরী

 করবো কাকে দায়ী আমি
 সময় নাকি ভাগ্য
 জবাব দেবেন তারা
 যারা জীবন বিশেষজ্ঞ

 আগামীতে অন্য কোন
 আমি’র দেখা পেলে
 সেই আমি’টার আমায় দেখে
 চম্‌কাবে কি পিলে

 সেই আমি’টা বলছে আমায়
 মুঠো করিস হাতে
 এখনও যা সবুজ আছে
 জড়ো করিস তাতে';'সায়ান';'স্বপ্ন আমার হাত ধরো';'0'
'সুন্দর হবো';'একদিন কোনো অন্ধ ভিখিরী
 তার এক হাত ধরে
 ব্যস্ত সড়ক পার করে দেব
 একটু সময় করে

 আমি সুন্দর হবো সুন্দর হবো
 একটু একটু করে
 নেবো এই পৃথিবীর সব সুন্দর
 আমার দু’চোখ ভরে

 আমি সুন্দর হবো সুন্দর হবো
 একটু একটু করে
 আজ জগতের যত যন্ত্রণা দিয়ে
 হৃদয় সাজাবো তোরে

জেনো গোলাপ কাঁটার চুম্বনে
 এই অধরে ফুটবে রক্ত
 আমি ঝরাপাতা দিয়ে মালা গেঁথে কবো
 আমি যে তোমারই ভক্ত

 আমি ফুলের মতন কুঁড়িয়ে তুলবো
 আবর্জনার স্তুপ
 দেখে চম্‌কে যাব না দগ্ধ কারোর
 ঝল্‌সানো পোড়া মুখ

 আমি সুন্দর হবো সুন্দর হবো একটু একটু করে
 আমি অসুন্দরকে আমার আদরে পাল্টাবো সুন্দরে
 যত নিয়তির ভুল শুদ্ধ করবো মানুষ হবার জোরে

 কোন পথের ধারের নেড়ী কুকুরের
 কদাকার শরীরে
 পশম ঝরানো পুঁজ-ভরা ক্ষতে
 বুলাবো হাত আদরে
 আমি জানিনা কেন যে মানুষ এখনো
 আপন করেনি তোরে
 আমি মানুষের হয়ে ক্ষমা চেয়ে নেবো
 দু’টো হাত জড়ো করে 

 জানি কোন বৃদ্ধের বহুবার বলা
 গল্পটা একঘেয়ে
 আমি আবার শুনবো বহুবার শোনা
 গল্পটা মন দিয়ে

কোন অচেনা শিশুর ধুলোমাখা চুলে
 আঙ্গুলে কাটবো সিঁথি
 আমি আমার ব্যাথায় পুড়িয়ে ফেলবো
 তোমার ব্যাথার স্মৃতি

আমি সুন্দর হবো সুন্দর হবো একটু একটু করে
 আমি তোমার আঁধার আমার আলোয় দেবো ঝল্‌মল্‌ করে
 আমি স্বীকার করবো আমার যা ভুল দু’চোখে মিনতি ভরে

 ছিলো যে বন্ধু বিশ্বাস ভেঙ্গে
 শত্রু সে কালে কালে
 সেই শত্রুকে মনের ভুলে
 ডাকবো বন্ধু বলে
 আমি সুন্দর হবো সুন্দর হবো
 একটু একটু করে
 আমি অহঙ্কারের দেয়ালগুলোকে
 দেবো চুরমার করে 

 আমি বারেবারে তোর অভিমান ভেঙ্গে
 ফেরাতে আসবো তোরে
 আমি কিছুতেই তবু কিছুতেই আর
 হারাতে দেবোনা তোরে . . .';'সায়ান';'স্বপ্ন আমার হাত ধরো';'0'
'মন আমার লজ্জা কি তোর নাই';'মন আমার লজ্জা কি তোর নাই,
 বারে বারে কাঁদিস বুঝি তাই ?
 মন আমার… ওরে মন… একবার মন দিয়ে শোন্
 তুই যদি এমন করিস… আমি কোথায় যাই

মন চল নির্বাসনে যাই
 তুই আর আমি চল পালাই
 ওরে মন… আমার মন… চল্
 দু’জনে সব ভুলে যাই 

 তুই ছাড়া মন কারে আর মনের কথা কই
 আমি ঠিক যেথায় আছি সেথায় পড়ে রই
 একা তুই একলা বুঝি আমিও কি নই
 ভাঙ্গা-ঘুম আমার ভাগেও পড়েছে নিশ্চয়ই

 তোর চেয়ে আমার কি আর দুঃখ কিছু কম
 কতো আর ঢাকবো রে তোর কান্না বেশরম
 এদিকে যখন তখন জীবন পাঠায় ডাক
 সে সময় একটুখানি ঘাপ্‌টি মেরে থাক 

 তোরে নিয়ে কি যে করি
 বড় লজ্জাতে আজ মরি
 কেন তুই মেঘ্লা করিস আমার সকল কাজ?
 আমি দু’হাত জড়ো করে
 বলি বেহায়া মন তোরে

 দে না মন বাঁচতে দে না… নিজেও কিছু বাঁচ
 কাহাতক ঝাপসা চোখে পথ চলা আর যায়
 আমার এই জীবন যেন কাটতে নাহি চায়
 কত দূর কত্তো দূরে ফেরার হ’লি মন
 সেখানেও পিছু নিয়ে পৌঁছেছে জীবন

 দেবে না কেউ দেবে না কেউ দেবেনা ছাড়
 হিসেবের হাত থেকে নেই একটুও নিস্তার
 এসবের মধ্যেখানেও তোর এই জ্বালাতন
 কি পাষাণ স্বৈরাচারে ভেজাস চোখের কোণ';'সায়ান';'স্বপ্ন আমার হাত ধরো';'0'
'ফিরতে ঘরে ভয়';'ফিরতে ঘরে ভয়…
 ফিরলে ঘরে দুঃখগুলোর সঙ্গে দেখা হয়
 না না নেই যে আমার শূন্য ঘরে
 একলা থাকার ভয়

 ঘরেই কত আপন মানুষ শত্রু সেজে রয়
 কেউ কি আমায় বলতে পারো
 আপন কারে কয়

যারেই যখন এই ভুবনে আপন মনে হয়
 সময়মতন সেই দিয়ে যায়
 অন্য পরিচয়

 আপন নিয়েই শঙ্কা আমার, পর তো পরই রয়
 আপন যত দুঃখ দেবে
 পর ততটা নয়
 সন্ধ্যা প্রদীপ জ্বালিয়ে দিয়ে
 ঘরের দরোজায়
 দুঃখগুলো রাত্রি জাগে আমার প্রতীক্ষায়

 সন্ধ্যে হলেই বুকের ভেতর
 গুম্‌রে ওঠে ভয়
 আর চোখের নীচে সাত সাগরের কান্না জমা হয়

 চোরের মতন বসত করি
 আমারই ঘর বাড়ি
 সেই ঘরেতে দুঃখগুলোর বিরাট জমিদারী

আমার বুকের পাঁজর ভেঙ্গে
 বাসর সে সাজায়
 আগুন জ্বেলে খেলা করে পুড়িয়ে সুখ পায়
 ক্রীতদাসের মতন
 আমার শেকল পরা হাত
 দুঃখগুলো রাত্রি জেগে
 ভোর করে দেয় রাত

 স্বপ্ন পুড়ে ছাই করেছে
 জীবনও যায় যায়
 সাধ করে আর
 কেউ কি বলো
 ঘর ছেড়ে পালায়

 অনেক দূরের আকাশটাকে
 আপন মনে হয়
 তার নীল হৃদয়ে
 তারায় তারায়
 দুঃখ জ্বলে রয়';'সায়ান';'স্বপ্ন আমার হাত ধরো';'0'
'গান-পাপী';'কানার মাঝে ঝাপসা’রা সব, হেথায় করে রাজ
 নিজেকে তাই রবীন্দ্রনাথ হচ্ছে মনে আজ
 তোমারও তো চলন বলন সলিল চৌধুরী
 পড়লে ঝড়ে ঘুমায় পাহাড়, ডিগবাজি খায় নুড়ি
 খালি কলস বাজে বেশী সেই হয়েছে দশা
 সিংহ ভাবতে ভালোবাসে নিজেকে আজ মশা

গীটার হাতে ছুটছি কতো Satriani’র বাবা
 আওয়াজ শুনে মূর্খ বলে “মারহাবা মারহাবা”
 স্বর-সাধনার খ্যাতায় আগুন, কারণ বাজার খালি
 কোনমতে ‘সা’ বলিলেই বড়ে গোলাম আলী
 তাতেও যদি না হয় তবে কায়দা আছে জানা
 ভেড়ার কণ্ঠ বানায় যন্ত্র পারভিন সুলতানা

শিল্পী হবার শখ হয়েছে, গান যদি না শেখো
 সুকৌশলের বিদ্যা চুরি রপ্ত করে রেখো
 এটার মাথা, ওটার হাঁটু, সেটার কনুই জুড়ে
 গেয়ে ওঠো সরল গলায় আনকোরা এক সুরে
 সে গান শুনেই মুগ্ধ শ্রোতার হারিয়ে যাবে ভাষা
 মূর্খ-কুলের সহসা নেই জ্ঞান-প্রাপ্তির আশা

গানের যোগান বন্ধ হলে পড়বে ভাতে টান
 ঘাবড়িওনা, বুদ্ধি করে বাঁচিও সম্মান
 এসো তখন পুরোনো গান সংরক্ষণ করি
 কর্তা-শচীন পুত্র তাহার একে একে ধরি
 আছে সবার লালন ঘোড়া চড়ো তাহার ঘাড়ে
 লালন তোমার চালাবে পেট অভাবের বাজারে

গানের শেষে তোমার জন্য রেখে গেলাম ধাঁধা
 আশাবরীর বাসিন্দা কে কুন্তী নাকি রাধা?
 কাকেশ্বর না ওরাং-ওটাং, কাহার ভালো গলা?
 আশে-পাশেই শুনছি কত, শক্ত তবু বলা
 বলো দেখি আমার এ গান আসল নাকি চুরি?
 উৎস যদি বলতে পারো মানবো বাহাদুরী!';'সায়ান';'সায়ানের গান';'0'
'জনতার বেয়াদবী';'জনতার এ বড্ড বাড়াবাড়ি
 আমাদের দুই নেত্রীর নামে করে মারামারি
 আমি জানি, আমি জানি, আমার দু’চোখের মণি
 কোনদিন করেনি তো ঝগড়াঝাঁটি কাট্টি-আড়ি

জনতা তোমায় তুমি প্রশ্ন করো
 কি পাবার জন্যে তুমি কার ইশারায় মরতে পারো
 শোনো বলি তোমায় যারা ভাগ করেছে দলে দলে
 বোঝোনি তারা সবাই হাত মেলানো তলে তলে

ভালো করে খেয়াল করো আমাদের দু’ মহারাণী
 তাহাদের জন্মদিনে পাঠাচ্ছে শুভেচ্ছা বাণী
 এখানে সেখানে কোন অনুষ্ঠানে দেখা হলে
 দু’জনেই আগ বাড়িয়ে হাসিমুখে কথা বলে

দু’জনার জন্যে জানি দু’জনারই পরান কাঁদে
 জনতা বোকার মতন পা দিয়েছো কাহার ফাঁদে
 দু’জনার একজনও তো চায় না কারোর একটু ক্ষতি
 জনতা তোমার কেন ঝগড়াঝাঁটির এ দুর্মতি

ওরা তো পরস্পর-কে বন্ধু ডাকে
 তোমাদের মধ্যে কেন সকাল বিকেল ঝগড়া লাগে
 শোনো বলি ওরা দুজন মিলে মিশে ভালোই আছে
 পুলিশের তাড়া খেয়ে তুমিই শুধু উঠলে গাছে

ঘনিষ্ঠ বন্ধু বলেই তর্কাতর্কি মাঝে মাঝে
 সোহাগ আছে দুই সখীতে, মান অভিমান তাইতো সাজে
 তাই বলে শত্রু তারা, এমন কথা কে বলেছে?
 বাজি ধরে বলতে পারি, ভুল বুঝেছে, ভুল বকেছে

জনতা তোমার মাথায় শুধুই বুঝি গোবর পোরা
 নিজেকে প্রশ্ন করো কার জন্যে খাটছো ভাড়া
 মিছে মিছে বোকার মতন নিজের পায়ে কুড়োল মেরে
 নিজেদের মধ্যে কোনও লাভ হবে না লড়াই করে

জনতা এখন থেকে ওসব ছাড়ো
 আমাদের উদারপন্থী নেত্রীদ্বেয়র দু’হাত ধরো
 শোনো বলি এখন থেকে আর কোরো না চুলোচুলি';'সায়ান';'সায়ানের গান';'0'
'দু’চোখ দিয়েই দ্যাখো';'আজ শিক্ষিত লোকে গবেষণা করে
 কার চেয়ে কে বড়
 কাজী নজরুল, নাকি রবীন্দ্রনাথ
 বলো কে বেশী বড়
 এলো নজরুল, এলো রবীন্দ্রনাথ
 বাঙালী তোমার জন্য
 তবু গেলো না গেলো না, এখনো গেলো না
 বাঙালী মনের দৈন্য

কোথায় সঞ্চয়িতা আর সঞ্চিতাই বা কোথায়
 সঞ্চিতা আর সঞ্চয়িতা আজ দাঁড়িপাল্লায়
 না, না, কারো অন্তরে নয়
 দ্যাখো সঞ্চিতা আর সঞ্চয়িতা
 আজ দাঁড়িপাল্লায়

আজ নিচ্ছে ওজন, দেখছে বাঙালী
 কোনটা বেশী ভারী
 কোনটা পরিত্যাজ্য আর
 কোনটা দরকারী
 দ্যাখো সঞ্চিতা আর সঞ্চয়িতার কোনটা বেশী ভারী
 কোনটা পরিত্যাজ্য আর কোনটা দরকারী

তর্কে নেমেছে, নেমেছে বাঙালী
 আজকে কোমর বেঁধে
 মাঝখানে পড়ে মরছে শিল্প
 পাথর চোখে কেঁদে

এক চোখে চুরুলিয়া আর
 এক চোখে জোড়াসাঁকো
 এক চোখ বুজে থেকো না বাঙালী
 দু’চোখ দিয়েই দ্যাখো

কে ছিল ব্রাহ্ম কবি আর
 কে ছিল মুসলমান
 কার কবিতার সংখ্যা বেশী
 কার বেশী ছিল গান
 কে ছিল দোকানদার আর
 কার বাবা জমিদার
 কে জিতলো পুরস্কার আর
 কে পেলো কারাগার
 কার গান হলো শুধু গীতি আর
 কার গান সংগীত
 কার স্বরলিপি আছে, কার নেই
 বলো কে বেশী পণ্ডিত

রবীন্দ্রনাথ শান্ত সমুদ্র
 নজরুল তাতে টালমাটাল জোয়ার
 রবীন্দ্রনাথ মুক্ত মহাকাশ
 নজরুল সেই মহাকাশ জুড়ে
 তুফান ডাকা বজ্র অহংকার';'সায়ান';'সায়ানের গান';'0'
'স্বপ্নের দৈন্য';'একটা কোনো বিশ্বাসী মন ধরবে আমার হাত
 ঘর সাজাবে, গান শোনাবে, ভোর করে দেবে রাত
 কোলে আমার ঘুমন্ত এক সুস্থ শিশুর মুখ
 বন্ধু, আমার ওইটুকুতে ভরবে না যে বুক

একটা ভাঙা কুটির, একটা বেলজিয়ামের আয়না
 বর্ষা এলে খিঁচুড়ি, আর আলমারিতে গয়না
 বারান্দাতে ঝুলবে খাঁচায় কথা বলা ময়না
 বন্ধু, আমার এত অল্পস্বল্পে কিছু হয়না

একটা ভালো চাকরি, তার বলার মতন বেতন
 বছর শেষে বোনাস, তারপরেই বিদেশ ভ্রমণ
 একটা ভালো গাড়ির সংগে বারিধারায় বাড়ি
 তাও যদি দাও, থামবে না তো আমার আহাজারি

হৃদয় যার দরিদ্র, তার অভাবটুকুই আপন
 আমি সচ্ছল, তাই এঁকেছি দু’চোখে সচ্ছলতার স্বপন
 ছোট্ট যাদের হৃদয়, তারা অল্প পেলেই খুশি
 আমার হৃদয় সবার জন্যে সব চায় বেশী বেশী

আমার তো নেই দেবার অনেক, পারছিনা তো দিতে
 পারবো না তো না দেবার এই লজ্জা মেনে নিতে
 আমারও ঠিক তোমার মতোই জীবনজোড়া দৈন্য
 কিন্তু আমার চাওয়ার বেলায় নেই কিছু কার্পণ্য';'সায়ান';'সায়ানের গান';'0'
'আইবুড়ি';'ছেলের বাবা হাজির হলেন
 মেয়ের খরিদ্দার
 মেয়েটাকে ঘেঁটে-ঘুঁটে
 দেখতে হবে তার
 আইবুড়ি তার মেয়েটাকে
 করতে হবে পার
 মেয়ের বাবা তাই সাজলেন আজ
 শাড়ীর দোকানদার
 ফুস্‌লিয়ে ফাস্‌লিয়ে যদি
 গছিয়ে দেয়া যায়
 ভালয় ভালয় একটা বোঝা
 তবেই বিদায় হয়

 মনে মনে দোয়া দরুদ…
 ওরে আল্লাহ্‌ আল্লাহ্ বিল্লাহ্‌ কর
 আইবুড়ি এই মেয়ের ভাগ্যে
 আজকে যেন জোটে বর

 ছেলের বাবায় মেয়ের বাবায় গল্প কত হয়
 আরো কিছু মানুষ থাকে বৈঠকখানায়
 সামনে পড়ে আলাউদ্দিনের মিষ্টি এবং দই
 খেতে খেতে হঠাৎ বলে ‘মেয়ে গেল কই’?

 মেয়ে তখন ভিতর-ঘরে কাঁপুনি তার বুকে
 ফর্সা হবার স্নো পাউডার ঘষছে যে তার মুখে
 মুরুব্বীরা আয়নাটাকে সামনে বসিয়ে
 সবচে’ ভালো শাড়ীখানা দিচ্ছে পরিয়ে

অবশেষে পিতৃদ্বয়ের প্রতীক্ষা ফুরায়
 ‘মেয়ে আসছে মেয়ে আসছে’ ধবনি শোনা যায়
 অসুস্থ এক রুগীর মত মেয়েটাকে ধরে
 ধরে ধরে মুরুব্বীরা আনে বসার ঘরে

 ঘোমটা মাথায় জড়সড় বসলো সোফায় মেয়ে
 চুপটি করে রইলো কেবল মাটির দিকে চেয়ে
 বাদবাকি সব মানুষগুলো দেখছে শুধু তাকে
 মেয়ের বাবা মনে মনে আল্লাহ্ রসুল ডাকে

ম্যাডাম একটু শুনে যান… আহা এই দিকে তাকান
 ওরে পাংখা ছেড়ে দে রে তোরা কোক পেপ্‌সি আন
 ম্যাডাম আমার দোকান থেকে একটা শাড়ী নিয়ে যান
 এমন জিনিষ অন্য কোথাও পেলে ফেলবো কেটে কান

মেয়ের চোখটা কি ট্যারা… মেয়ের নাকটা কি খাড়া
 মেয়ে হাঁটো দেখি দেখবো তোমার পা’টা কি খোঁড়া
 না না চোখ ট্যারা নয়,পা খোঁড়া নয়, নাকটাও খাড়া
 শাড়ীর আঁচল টেনে দেখেছি নেই ছেঁড়া ফাঁড়া

মুখে বসন্তের ঐ দাগ… মেয়ে পার কি তবে পাবে ?
 শাড়ীর কোথাও কোন দাগ থাকলে বাতিল হয়ে যাবে

মেয়ে ঘোমটা খোলো দেখবো তোমার লম্বা কেমন চুল
 আপা দেখুন শাড়ীর সুতোর কাজে নেই তো কিছুই ভুল
 আপা মেপে দেখুন শাড়ীখানা পুরো বারো হাত
 মেয়ে হাসো দেখি দেখবো তোমার ক’টা উঁচু দাঁত

 কোথায় এত কমে পাবেন এমন শাড়ী জববর
 শাড়ীর সঙ্গে আছে বোনাস, পাবেন ব্লাউজের কাপড়
 মেয়ের সাথেও আছে বোনাস, জানে রবীন্দ্র সঙ্গীত
 জমিয়ে দেবে শ্বশুরবাড়ির গানের আসর

 মেয়ের সব দেখা হলো… মেয়ে এমনিতে ভালো
 শুধু গায়ের রঙটা একটুখানি সামান্য কালো
 এই শাড়ীটা তো নেবোনা… এর গায়েতে ধুলো
 কোনো ধলা মেয়ে থাকলে দেখান দেখবো সবগুলো

 এই হতভাগী যদি তাদের পছন্দ না হয়
 তবে হাবে ভাবে সেই কথাটাই জানিয়ে দিয়ে যায়
 তখন আশাতে বুক বাঁধে মেয়ের পিতা দোকানদার
 বুঝি একদিন তার আইবুড়ি মেয়ে হবেই হবে পার

 বাবার দুঃখ দেখে কালো মেয়ে মনে মনে ভাবে
 কবে চোখের জলে গায়ের রঙটা ফর্সা করা যাবে!

আবার আলাউদ্দিনের দোকান থেকে মিষ্টি কেনা হয়
 আবার পাত্রপক্ষ এসে কন্যা বাতিল করে যায়

যদি ছেলের বাবা হয়ে থাকেন
 বোকা কাস্টমার
 শুক্‌রিয়া আলহামদুলিল্লাহ
 মেয়ে হলো পার';'সায়ান';'আবার তাকিয়ে দ্যাখ';'0'
'কতটুকু ক্ষতি চাই';'কতটুকু ব্যথা পেলে
 তোমারও কান্না পাবে
 আমার ঘরের আগুন কখন
 তোমারও ঘর পোড়াবে

 কতটুকু ক্ষতি চাই
 তোমাকে জাগাতে হলে
 তোমাকেও পাশে পাবো
 কতটুকু কেড়ে নিলে

মরেছে আমার ভাই
 মরেছে আমার বোন
 ন্যায্য কারণে ভেসেছে দু’চোখ
 ভেঙেছে আমার মন

আমি তো আপনহারা
 তাই এত চিৎকার
 আমি তো নিয়েছি আমার দু’কাঁধে
 মৃত পুত্রের ভার

তোমার দুধের সন্তান
 আজও কথা কয় ঘুমো-ঘোরে
 তুমি আছো তাকে ধরে
 বুকেতে আড়াল করে

তবু কি বাঁচানো যাবে
 অকাল মরণ খুঁজবে তাকে
 কি ক্ষতিপূরণ গ্রহণ করবে
 নালিশ জানাবে কাকে ?

সমবেদনার হাত
 চাই না আমার কাঁধে
 জানি না আসলে প্রতিকার আসে
 কি রকম প্রতিবাদে

খোয়া গেছে আজ সব আমার
 তাই কেটে গেছে ভয়
 হারিয়ে বুঝেছি ঘুমিয়ে থাকার
 সময় এটা তো নয়

আমি বেঁচে আছি আমি জেগে আছি
 ঘুমোতে পারি না বলে
 তোমার মনের কড়া নেড়ে চলি
 তোমাকে জাগাবো বলে

 তখন জাগবে বুঝি
 তোমাকে কিছু না বলে
 লুকালে তোমার বুকের মানিক
 চির নিদ্রার কোলে।।';'সায়ান';'আবার তাকিয়ে দ্যাখ';'0'
'যাবো এবার যাবো';'যাবো এবার যাবো আমি ঘরে ফিরে যাবো
 আমি মায়ের কোলে গিয়ে এবার ক্ষমা চাবো
 ভুল করেছে মা তোমার ভীষণ বোকা ছেলে
 তোমার দেয়া সুখ খুঁজেছে আর কারো আঁচলে

আমি মায়ের কাছে ক’বো… আমি তারই সাথে র’বো
 যা খুশী দাও কঠিন সাজা মাথা পেতে ল’বো
 শুনছো তুমি মা’গো… আমি নষ্ট তোমার ছেলে
 আচ্ছা করে বকে আবার নাও না কোলে তুলে
 ভুল করেছি মা… আমায় দেবে কি ক্ষমা ?
 তোমার ধুলায় আমার জীবন লুটিয়ে দেবো মা

আমি মায়ের কাছে যাবো…
 তাকে জড়িয়ে ধরে র’বো
 তার শেখানো ছোট্টবেলার গান তাকে শোনাবো 

উঁচু উঁচু স্বপ্ন মরীচিকার পিছে ঘুরে
 চলে এলাম তোমায় ছেড়ে দূরে অনেক দূরে
 ঝল্‌মলে সেই ভুল খেয়েছে জীবন কুরে কুরে
 মা’গো আমি বলছি তোমায় জবাবদিহির সুরে

ঝক্‌ঝকে আর তক্‌তকে এই জাঁকজমকের দেশে
 থাক্‌ তোরা থাক্‌ স্বপ্নগুলো তুমুল ভালোবেসে
 স্বপ্ন তোদের সত্যি হবে হঠাৎ রাতারাতি
 জ্বলবে তোদের জীবন জুড়ে হাজার টাকার বাতি

আমার মায়ের উঠোন জুড়ে চাঁদের আলো খেলা করে
 সেই জোছনায় ঝিঁঝিঁর ডাকে জোনাকিরা আসর করে
 আমি সেই আসরে যাবো সারা রাত্রি জেগে র’বো
 ভোরের বেলার পাখী হয়ে সূর্যকে শোনাবো

আকাশ ছোঁয়া স্বপ্নগুলো এই আকাশেই থাক
 বুকের ভিতর শুনছি আমার সেই আকাশের ডাক
 ডাকছে আমায় রবীন্দ্রনাথ সেই আকাশটা জুড়ে
 থাকলে কারো বুকের পাটা রাখ্‌না আমায় ধরে

চাই না আমার জীবন সোনায় মোড়া আগাগোড়া
 ঝল্‌সে যাওয়া সুখের চাদর জড়িয়ে ঘুমোস্‌ তোরা
 বলবো না তো কোনদিনও আসিস্‌ আমার ঘরে
 আমার মায়ের উঠোন শেষে নোংরা হবে পরে

ধুলো মেখে সারা গায়ে খেলা করে মেঘ পথের ধারে
 সূর্য উঠে বক্‌লে পরে দামাল মেঘের দল ফেরে ঘরে
 আমি ছোট্ট প্রজাপতি হয়ে ফুলের প’রে র’বো
 যাবার বেলা দুষ্টু মেঘের কানে কানে ক’বো';'সায়ান';'আবার তাকিয়ে দ্যাখ';'0'
'এখানেই সুখ ছিলো একদিন';'ওই দ্যাখো, ছড়ানো স্যান্ডেল
 ওখানেই সুখ ছিলো একদিন
 দেয়ালের ঝুলন্ত মাকড়সার জালে
 জড়িয়ে সুখ ছিলো একদিন
 একটাই ভাঙা এ্যাশট্রে
 ওটাতে’ও সুখ ছিলো একদিন
 সারা রাত কল থেকে পানির টিপ্ টিপ্ শব্দে
 কি দারুণ সুখ ছিলো একদিন

আজ চলছেনা, ভালো লাগছেনা
 দু’জনার পাশাপাশি বনছেনা
 তবু শেষ বার তুমি ভেবে দ্যাখো
 এখানেই সুখ ছিলো একদিন

এই তো সেই নড়বড়ে
 আমাদের সেই ছোট্ট খাট
 এখানেই উত্তাল সঙ্গমে
 কেটেছে কত কত রাত
 ভাঁজ করা আছে নীল মশারি
 শত ছিদ্রে সাজানো সে বাসর
 মেঝেতে শুয়ে আছে একজন
 বিছানায় অতৃপ্ত সে চাদর

আজ খেলা শেষ, আর জমছেনা
 দু’জনার পাশাপাশি বনছেনা
 আছে দু’জনার শুধু নীরবতা
 তবু কল থেকে পানি পড়ছে টিপ্ টিপ্

শার্টের ছেঁড়া বোতামে
 কি দারুণ সুখ ছিলো একদিন
 দেয়ালের ফাটলের ওই নকশাতে
 কি দারুণ সুখ ছিলো একদিন
 ওষুধের ওই বাক্সটা
 অসুখেও কত সুখী ছিলো একদিন
 কুঁচকানো ওই মলিন পর্দাটা
 সুখী ছন্দে দুলেছিলো একদিন
 জানালার ভাঙা কাঁচটা-তে
 দরজার বেয়াড়া হুড়কো-তে
 বিকেলের কলিং-বেলে
 কি দারুণ সুখ ছিলো একদিন
 এখানেই এখানেই এখানেই সুখ ছিলো একদিন

চন্দন কাঠের বুকশেলফ্ -এ
 আজো আছে তোমার জীবনানন্দ
 কাঁধে কাঁধ মিলিয়ে রবীন্দ্র
 শুধু কেটে গেছে জীবনের ছন্দ
 দেয়ালের ফ্রেমে আজো বন্দী
 দু’জনার এক চোখে দেখা স্বপ্ন
 ওরা হাসছে, তবু হাসছে
 জানেনা আসছে ভাঙনের লগ্ন

আজ এই ঠোঁটে নেই সেই তৃপ্তি
 তাই অবশেষে মুক্তির চুক্তি
 তবু শেষবার তুমি ভেবে দ্যাখো
 এখানেই সুখ ছিলো একদিন';'সায়ান';'সায়ানের গান';'0'
'তাজ্জব বনে যাই';'আমার ঘরের ঘুলঘুলিতে চড়ুই পাখির বাসা
 ধুলোবালি আর খড়কুটো দিয়ে গোছানো সে সংসার

আমি তাজ্জব বনে যাই, দেখি মানুষের ঘর নাই
 দ্যাখো মানুষেরই ঘরে বাসা বেঁধে নিলো ছোট্ট এক চড়াই
 আমি তাজ্জব বনে যাই, আজো মানুষ পেলো না ঠাঁই
 দ্যাখো জিতে নিলো ঠিকই ছোট্ট চড়াই অধিকারের লড়াই

আমার প্রাসাদে দেয়ালে দেয়ালে মাকড়সা জাল বোনে
 টিক্টিক্ করে টিকটিকি যেন কি বলে আপন মনে
 লাল পিঁপড়ের বিশাল বাহিনী কুচকাওয়াজে হাঁটে
 উঁই পোকাদের আঁধার বসতি সেগুন কাঠের খাটে

আমি তাজ্জব বনে যাই, দেখি সব্বাই পেলো ঘর
 হলো মানুষের সবই আপন, শুধু মানুষই হলো পর

ইঁদুর মশাই ঘুমোন রান্নাঘরে আসবাব তলে
 কাপড়ের ভাঁজে আরশোলাদের বংশই বেড়ে চলে
 নাম না জানা বেড়াল ছানা ঘুমায় বারান্দাতে
 সন্ধ্যে হলেই কবুতর ফেরে আমার বাড়ির ছাদে

আমি তাজ্জব বনে যাই, দেখি সব্বাই ফেরে ঘরে
 দ্যাখো উদাম শরীরে মানুষ ঘুমায়, ঘুমায় পথের মোড়ে

ওরে ছোট্ট চড়াই, শোন – আজ তোকেই তো দরকার
 তুই শেখাবি মানুষকে, তার বুঝে নিতে অধিকার';'সায়ান';'সায়ানের গান';'0'
'আমিই বাংলাদেশ';'কি করেছে তোমার বাবা, কি করেছে স্বামী
 গল্প সেসব তোমার চেয়ে কম জানিনা আমি
 তোমার যত কীর্তিকলাপ সেও তো আছে জানা
 ইচ্ছে করেই মুখ খুলি না, বলতে ওসব মানা

স্বামী বাবার নাম ভাঙিয়ে আর কতকাল খাবে
 এবার ওদের ঘুমোতে দাও, আত্মা শান্তি পাবে
 তাঁদের প্রতি আমার সকল শ্রদ্ধা রেখে বলি
 খুব বেশী দিন আমার চোখে যায় না দেয়া ধূলি

আমার মাথায় কাঁঠাল ভেঙে খাওয়ার দিন তো শেষ
 নাম আমার জনগণ, আমি’ই বাংলাদেশ

বৃক্ষের নাম দিয়ে কি? ফলেই পরিচয়
 রাজারা মিছেই কেবল কথার খৈ ফোটায়
 কেবলই নিজের গীতে বিভোর হয়ে রয়
 দেবতা ফেরেশতা সব, ভুল কি তাদের হয়?

অপরের নিন্দা করেই ভাঙলে কেবল গলা
 নির্বাচনের আগে তোমার শতেক ছলাকলা
 কখনো শান্তি-প্রীতি, কখনো বিক্ষোভ
 আসলে তো জানি সবই সিংহাসনের লোভ

আমায় দেখে ভাবছো বুঝি বুদ্ধু-বোকা-সোজা
 সময়ে টের পাবে ঠিক আসলে কে রাজা

তোমার ওই মনটা বড় বড্ড বেশী ভুলো
 তোমার ওই ইশ্তেহারে কি কি যেন ছিলো
 যদি দেখি হাতের আঙুল, ভুলে তাদের কাজ
 দিনে দিনে ফুলে ফেঁপে হচ্ছে কলাগাছ

যদিও তোমার চোখের চশমাটা রঙীন
 চোরেদের দশদিন আর গেরস্থের একদিন
 আমাকে রাখলে খুশি, মাথায় তুলে রাখি
 নরম নরম গদির ‘পরে বসতে তোমায় ডাকি

ধাপ্পাবাজি টের পেলে ঠিক পাল্টে দেবো মন
 সোনা দিয়ে মুড়োলে লাভ হবে না তখন';'সায়ান';'সায়ানের গান';'0'
'স্বপ্ন যাবে বাড়ি আমার';'স্বপ্ন যাবে বাড়ি আমার,
 পথ দেব পাড়ি তোমার।
 কাছে যাব ফিরে পাহাড়ে পাহাড়।

সাঝ বেলায় সাজ সাজ রব,
 ছুটে যাব সেই হাঁসির টানে।
 চলে যাব স্মৃতির কোলে,
 আমার সব যেখানে।

বাঁধন ভুলে, স্মৃতির টানে,
 যাচ্ছি ফিরে চেনা পথে, রঙ্গিন অনেক গল্প ভেবে,
 স্বপ্ন ভরা দু’চোখ নিয়ে।

ফিরে যাব আমার উঠোনে, ছুঁয়ে যাব সবুজ ভুবনে।
 সাদা মাটির গন্ধ বুকে তোমার স্বপনে।';'মিলন মাহমুদ';'হাবিব ওয়াহিদ';'0'
'আইলো আইলো আইলো রে';'আইলো আইলো আইলো রে
 রঙ্গে ভরা বৈশাখ আবার আইলো রে
 পাগলা মনে রঙ্গিন চোখে, নাগরদোলায় বছর ঘুরে
 একতারাটার সুরটা বুকে, হাজার প্রাণের বাউল সুরে
 দেশটা জুড়ে খুশির ঝড়ে একটা কথাই সবার মনে
 আইলো আইলো আইলো রে
 রঙ্গে ভরা বৈশাখ আবার আইলো রে 

লাল পাড়ের ওই শাড়ির আঁচল, আলতা পায়ে খুশির নাচন
 ইলশে ভাজা পান্তা খাওয়া, সব বাঁধার আজ খুলছে বাঁধন
 পাগলা মনের খুশির ভিড়ে বৈশাখী রঙ লাগলো প্রাণে
 আইলো আইলো আইলো রে
 রঙ্গে ভরা বৈশাখ আবার আইলো রে 

গাছের ডালে আমের মুকুল, আকাশ মেঘে সাজলো দুপুর
 হালখাতা সব হিসেব শেষে, আসলো বছর নতুন বেশে
 এক বাণীতে সব বাঙ্গালি খুশির মেলায় দেশটা হাসে
 আইলো আইলো আইলো রে
 রঙ্গে ভরা বৈশাখ আবার আইলো রে 

পাগলা মনে রঙ্গিন চোখে নাগরদোলায় বছর ঘুরে
 একতারাটার সুরটা বুকে হাজার প্রাণের বাউল সুরে
 দেশটা জুড়ে খুশির ঝড়ে একটা কথাই সবার মনে
 আইলো আইলো আইলো রে
 রঙ্গে ভরা বৈশাখ আবার আইলো রে';'ইশতিয়াক';'এবং পাহাড়ের গান';'0'
'বাজেরে বাজে ঢোল আর ঢাক';'বাজেরে বাজে ঢোল আর ঢাক
 এলো রে পহেলা বৈশাখ।।
 আজ কৃষ্ণচুড়ার ডালে
 লেগেছে ডালে ডালে
 সেই রঙ হৃদয়ে ছড়াক

বাতাসে ছড়াল সুগন্ধ
 এ মনে এনে দিল ছন্দ
 সেই ছন্দে ছন্দে সুখে আনন্দে
 সব ব্যথা ধুয়ে মুছে যাক ।।

জেগেছে আজ সারা দেশটা
 প্রাণেরই মেলাতে সে রেশটা
 আজ বলছে মন তো – মনে আনন্দ
 এই আশা ভালবাসা থাক

বাজেরে বাজে ঢোল আর ঢাক
 এলো রে পহেলা বৈশাখ।।
 আজ কৃষ্ণচুড়ার ডালে
 লেগেছে ডালে ডালে
 সেই রঙ হৃদয়ে ছড়াক';'সোনিয়া';'নিঠুর বাঁশি';'0'
'শাহবাগ জনতার, বুক ফাটা চিৎকার';'[একটাই দাবী
 ফাঁসি ফাঁসি।
 অন্য কোন শাস্তি নাই
 ফাসিঁ ছাড়া…] ওহ হো হো হো
 ওহ হো হো হো হো…
 তোর শরীর জুড়ে ঘা
 ঘেন্না কি ঘেন্না ।।
 আর কিছুই তো চাই না
 ওদের ফাঁসি দিয়ে দেন না……।।
 শাহবাগ জনতার
 বুক ফাটা চিৎকার
 বাংলার জনতার
 বুক ফাটা চিৎকার|
 তুই রাজাকার তুই রাজাকার তুই রাজাকার।
 তুই রাজাকার তুই রাজাকার তুই রাজাকার।

 [তুমি কে আমি কে
 বাঙ্গলী বাঙ্গলী।
 তোমার আমার ঠিকানা,
 পদ্মা, মেঘনা যমুনা।
 ফাঁসি ফাঁসি চাই,
 রাজাকারের ফাঁসি চাই] আসছে ভোরের ডাকে
 দুই চোখ চেয়ে থাকে
 এইতো কেবল শুরু
 জনতাকে মানো গুরু ।।
 জনতাকে মানো গুরু ।।

শাহবাগ জনতার
 বুক ফাটা চিৎকার
 বাংলার জনতার
 বুক ফাটা চিৎকার
 তুই রাজাকার তুই রাজাকার তুই রাজাকার
 তুই রাজাকার তুই রাজাকার তুই রাজাকার
 তোর শরীর জুড়ে ঘা
 ঘেন্না কি ঘেন্না ।।
 আর কিছুই তো চাই না
 ওদের ফাঁসি দিয়ে দেন না…|

শাহবাগ জনতার
 বুক ফাটা চিৎকার
 বাংলার জনতা
 বুক ফাটা চিৎকার|
 তুই রাজাকার তুই রাজাকার তুই রাজাকার তুই রাজাকার
 তুই রাজাকার তুই রাজাকার তুই রাজাকার তুই রাজাকার';'চিরকুট';'চিরকুট';'0'
'আমি নেই';'আমি নেই আমি নেই
 ভাবতেই ব্যথায় ব্যথায় মন ভরে যায়
 যেই ভাবি আর কোন খানে আমি নেই
 আমি নেই আমি নেই।

কারও মন ভেঙ্গে গেছে
 চোখের প্রদীপ নিভে গেছে
 আজ তার পথ আঁধারের বুক চিরে শেষে
 আঁধারেতে গিয়েছে হারিয়ে
 আমি নেই আমি নেই।

রঙে রঙে কতবার
 ফিরে ফিরে আসবে বাহার
 আসবে ভ্রমরী কত
 ঘিরে ঘিরে মেঘ বরষায়
 কেউ থামে না কোনদিন
 কোনদিন কখনো এখানে
 একটি নিমেষ কেউ হবে না উতল ভেবে
 আমি নেই আমি নেই।

স্মৃতি হয়ে শুধু আছি
 ছবি হয়ে রয়ে গেছি
 স্বপনের মাঝে কারও আজ আর নেই আমি
 দিন যেন গিয়েছে ফুরিয়ে
 আমি নেই আমি নেই
 ভাবতেই ব্যথায় ব্যথায় মন ভরে যায়
 যেই ভাবি আর কোন খানে আমি নেই
 আমি নেই আমি নেই।';'কিশোর কুমার';'বিবিধ';'0'
'আমরাতো গোয়ালের মাইয়্যা';'আমরা তো গোয়ালের মাইয়া
 দুধ বেচিয়া খাইয়ো রে ।।
 দিনে দুহায় গাভী জাতি
 রাতে কাটি ছানা রে ।।
 রাতে কাটি দুধের ছানা
 দিনে বেচি ঘোল রে ।।
 মেশিন লাগাইয়া দেখতে পারো
 দুধে কত ননী রে ।।
 আমরা তো গোয়ালের মাইয়া
 দুধ বেচিয়া খাইয়ো রে ।।
 -মাদারের গান';'মাদারের গান';'বিবিধ';'0'
'চাই না মা’গো রাজা হতে';'চাই না মা’গো রাজা হতে
 রাজা হবার সাধ নাই মাগো
 দু’বেলা যেন পাই মা খেতে …।।

আমার মাটির ঘরে বাঁশের খুটি মা
 পাই যেন তায় খড় জোগাতে মা …।।
 আমার মাটির ঘর যে সোনার ঘর মা ।।
 ও মা ……কি হবে দালানেতে
 যদি দালান কোঠায় রাখো মা-গো
 পারবো না আর মা বলিতে
 চাই না মাগো রাজা হতে 

যদি দ্বারে তে অতিথি আসে মা
 না হয় যেন মুখ লুকাতে
 ঘরে কাসার থালা কাসার বাটি মা
 পায় যেন মা তায় দুটো খেতে
 তোর সংসার ধর্ম বড় ধর্ম মা
 তাই পারিনা ছেড়ে যেতে মা
 কেবল মা গো রামপ্রসাদের এই বাসনা
 পাই যেন স্থান ঐ পদে তে';'পান্নালাল ভট্টাচার্য্য';'রাম প্রসাদ';'0'
'কফি হাউজ-২';'স্বপ্নের মতো ছিল দিনগুলো কফি হাউজেই,
 আজ আর নেই
 জীবনে চলার পথে হারিয়ে গিয়েছে অনেকেই,
 আজ আর নেই
 নিখিলেশ লিখেছে প্যারিসের বদলে
 এখানেই পুজোটা কাটাবে
 কী এক জরুরী কাজে ঢাকার অফিস থেকে
 মায়দুলকেও নাকি পাঠাবে
 একটা ফোনেই জানি রাজি হবে সুজাতা
 আসবেনা অমল আর রমা রায়
 আমাদের ফাকি দিয়ে কবেই তো চলে গেছে
 ওদের কখনো কি ভোলা যায়?
 স্বপ্নের মতো ছিল দিনগুলো কফি হাউজেই,
 আজ আর নেই
 জীবনে চলার পথে হারিয়ে গিয়েছে অনেকেই,
 আজ আর নেই
 ওরা যেন ভালো থাকে একটু দেখিস তোরা
 শেষ অনুরোধ ছিল ডিসুজার
 তেরো তলা বাড়িতে সবকিছু আছে তবু
 কিসের অভাব যেন সুজাতার
 একটাও তার লেখা হয়নি কোথাও ছাপা
 অভিমান ছিল খুব অমলের
 ভালো লাগে দেখে তাই সেই সব কবিতাই
 মুখে মুখে ফেরে আজ সকলের
 স্বপ্নের মতো ছিল দিনগুলো কফি হাউজেই,
 আজ আর নেই
 জীবনে চলার পথে হারিয়ে গিয়েছে অনেকেই,
 আজ আর নেই
 নাম যশ খ্যাতি আর অনেক পুরষ্কার
 নিখিলেশ হ্যাপি থেকে গিয়েছে
 একটা মেয়ে বলে সুজাতা বিয়েতে তার
 দুহাত উজার করে দিয়েছে
 সবকিছু অগোছালো ডিসুজার বেলাতে
 নিজেদের অপরাধী মনে হয়
 পার্ক স্ট্রীটে মাঝরাতে ওর মেয়ে নাচে গায়
 ইচ্ছে বা তার কোন শখে নয়
 স্বপ্নের মতো ছিল দিনগুলো কফি হাউজেই,
 আজ আর নেই
 জীবনে চলার পথে হারিয়ে গিয়েছে অনেকেই,
 আজ আর নেই
 কার দোষে ভাঙলো যে মায়দুল বলেনি
 জানি ওরা একসাথে থাকেনা
 ছেলে নিয়ে মারিয়ম কোথায় হারিয়ে গেছে
 কেউ আর কারো খোঁজ রাখেনা
 নাটকে যেমন হয় জীবন তেমন নয়
 রমা রয় পারেনি তা বুঝতে
 পাগলা গারদে তার কেটে গেছে শেষ দিন
 হারালো সে চেনা মুখ খুঁজতে
 স্বপ্নের মতো ছিল দিনগুলো কফি হাউজেই,
 আজ আর নেই
 জীবনে চলার পথে হারিয়ে গিয়েছে অনেকেই,
 আজ আর নেই
 দেওয়ালের রঙ আর আলোচনা পোস্টার
 বদলে গিয়েছে সব এখানে
 তবুও প্রশ্ন নেই,
 যে আসে বন্ধু সেই
 আড্ডা তর্ক চলে সমানে
 সেই স্বপ্নের দিনগুলো বাতাসে উড়িয়েধুলো
 হয়ত আসছে ফিরে আজ আবার
 অমলের ছেলেটার হাতে উঠে এসেছে
 ডিসুজার ফেলে যাওয়া সে গীটার
 স্বপ্নের মতো ছিল দিনগুলো কফি হাউজেই,
 আজ আর নেই
 জীবনে চলার পথে হারিয়ে গিয়েছে অনেকেই,
 আজ আর নেই';'মান্না দে';'বিবিধ';'0'
'বিশ্ব থেকে হারাবে না পবিত্র কোরআন';'যদি আগুন লেগে ধবংস হয় পৃথিবীর সব বইয়ের দোকান
 তবু বিশ্ব থেকে হারাবে না পবিত্র কোরআন ।।
 করবে কেমন করে কোরআন ধংস আগুনেরও তেজ
 আছে বিশ্ব ভরা অগনিত কোরআনে হাফেজ
 তারা আবার ছাপায়ে আসমানী গ্রন্থ
 বাচাবে ইসলামের মান
 বিশ্ব থেকে হারাবে না পবিত্র কোরআন ।

করলো কোরআন নিয়ে কত লোকে আদালতে কেস
 লিখলো সালমান রুশদী বিদ্বেষ পূর্ন স্যটানিক ভার্সেস
 তবু আল কোরআনের নূরের বাতি ।।
 সারা বিশ্বে বিদ্যমান
 বিশ্ব থেকে হারাবে না পবিত্র কোরআন ।।

দেখ পাকিস্তানের জিয়া মরলো দূর্ঘটনায় ভাই
 তার বিমান পুড়ে ছাই হয়েছে কোরআন পুড়ে নাই
 যেমন ছিল তেমন আছে
 একটি সুরাও হয়নি ম্লান
 তাই বিশ্ব থেকে হারাবে না পবিত্র কোরআন ।।

যারা কোর আন ধংস করতে চায়
 জানে না তাহারা ।।
 ঐ গ্রন্থের প্রতি পাতা
 ফেরেশতারা সদা দিচ্ছে পাহারা
 এ যে আমার বিশ্ব নবীর সাধনার ধন
 আমার বিশ্ব নবীর সাধনার ধন
 নহুল কয়না ফুলের দান
 তাই বিশ্ব থেকে হারাবে না পবিত্র কোরআন ।
 এই বিশ্ব থেকে হারাবে না পবিত্র কোরআন ।';'নকুল কুমার বিশ্বাস';'দিগন্ত টিভির লাইভ অনুষ্ঠান "মিউজিক আওয়ার"';'0'
'রজনী হইস না অবসান';'রজনী হইস না অবসান
 আজ নিশিতে আসতে পারে
 বন্ধু কালাচাঁন।।

কত নিশি পোহাইলো
 মনের আশা মনে রইলোরে।

কেন বন্ধু আসিলোনা জুড়ায়না পরান।।

বাসর সাজাই আসার আশে
 আসবে বন্ধু নিশি শেষে
 দারুন পিরিতের বিষে ধরিল উজান।।

মেঘে ঢাকা আঁধার রাতে
 কেমনে থাকি একা ঘরে
 সাধক চাঁনমিয়া কয় কানতে কানতে হইলাম পেরেশান।।';'বারী সিদ্দিকী';'আবদুল হাদী কাঞ্চনপুরী';'0'
'সবকিছুর মুলে কিন্তু বউ';'এই যে এত কষ্ট সাধের যৌবন নষ্ট
 জীবন গাঙে অভাব নামের ঢেউ
 বাঘ ডরানো মাঘের শীতে
 ঘাম ঝরিয়ে পৃথিবীতে
 খুঁজে ফিরি অর্থ নামের মৌ
 সবকিছুর মুলে কিন্তু বউ।

ব্যাচেলার জীবনে ভাই যেখানেই হতো রাত
 পরম নিশ্চিন্তে সেখানেই হয়ে যেতাম কাত ।।
 ছিলো সরল জীবনের অঙ্ক
 লাগতো না খাট-পালঙ্ক
 ড্রেসিং-ডাইনিং টেবিল-চেয়ার
 সোফা-শোকেস্‌ কিনতো কে আর?
 তিনরুমের ঘর লাগতো কি আদৌ।
 এসবের মূলে কিন্তু বউ।
 সবকিছুর গোড়ায় কিন্তু বউ।

দিলাম বিয়ের দিনে মিষ্টি তুলে নতুন বউয়ের মুখে
 সেই থেকেই বউ যাচ্ছে খেয়ে সবই পরম সুখে ।।
 কসমেটিকস আর জুয়েলারি
 চটকদারী ম্যাকসি-শাড়ি
 আবার এতোকিছু দেয়ার পরে
 বাচ্চা নেয়ার বায়না ধরে
 বছর ঘুরতেই কোলে আসে ফেউ।
 খরচের মূলে কিন্তু বউ।
 সবকিছুর গোড়ায় কিন্তু বউ।

এখন বউয়ের জন্য মাছের মুড়ো বাচ্চার গুঁড়ো দুধ
 আত্মীয়-কুটুম্বের ঠেলায় বাড়ছে ঋণের সুদ ।।
 কারেন্ট-পেপার-পানি-গ্যাস
 বিল মেটাতে নাভিশ্বাস
 তাই এখন বউয়ের চরণ ধরে আছি
 ছেড়ে দে মা কেন্দে বাঁচি
 আমায় বাঁচানোর আছেন নাকি কেউ?';'নকুল কুমার বিশ্বাস';'মন হারামী';'0'
'কিচ্ছা খতম হইবো';'কষ্ট করে দিনে-রাইতে
 কতো টাকা করছো কামাই
 এতো টাকা ক্যামনে নিবা
 কাফনের তো পকেট নাই।
 হায় বাড়ি-গাড়ি আহামরি
 সোনাদানা ভরি-ভরি
 টিভি-ফ্রিজ-চেইন-ঘড়ি
 নেতাগিরি-বাহাদুরী
 উমেদারী-জমিদারী
 পড়ে রইবো
 কিচ্ছা খতম হইবো।

নরম বিছানাতে শুয়ে আরাম করছো ভাই
 খাটে আছে তোষক-গদি খাটিয়াতে নাই
 সেই মাটির ঘরেতে ভাই
 জানালা-দরজা নাই
 নাই কোন ঝাড়বাতি
 আঁধার যে হবে সাথী
 তোমার খবর বলো তখন কেডা লইবো?
 কিচ্ছা খতম হইবো।।

এই দুনিয়ায় দু’নম্বরী করো যাদের লাগি
 তারা তো কেউ হবে না তোমার পাপের ভাগী ।।
 ছেলে বা মেয়ে বলো
 স্ত্রীর মন মতো চলো ।।
 টাকা-কড়ি যতোই ঢালো
 বাসোনা যতই ভালো
 তোমার অপরাধের বোঝা কেডা বইবো?
 কিচ্ছা খতম হইবো।।

পুলিশে ধরলে ঘুষ দিয়া ছুইটা আসো ভাই
 আজরাইলে তো ঘুষ খাবে না ধরলে জামিন নাই
 কেরানি বা অফিসার সবারই হবে বিচার
 আসামী-বিচারপতি
 সকলেরই একই গতি
 কোন উকিলে তোমার পক্ষে কথা কইবো?
 কিচ্ছা খতম হইবো।।';'নকুল কুমার বিশ্বাস';'কিচ্ছা খতম';'0'
'কান্দিয়া আকুল হইলাম';'কান্দিয়া আকুল হইলাম ভব নদীর পাড়ে
 মন তরে কেবা পার করে
 সুসময়ে দিন গুয়াইয়া
 অসময়ে
 আইলাম নদীর পারে

মাঝি তর নাম জানি না।

আমি ডাক দিমু কারে।
 মন তরে কেবা পার করে।।

অধম ইদমে বলে
 আমার কি আসে কপালে
 হজরত শাহ জালালাহর দরগায় বসি
 ও মোর ইদম শাহয়ে কান্দে
 মন তরে কেবা পরে করে।।';'ইদম শাহ্';'ইদম শাহ্';'0'
'সাধের লাউ বানাইলো মোরে বৈরাগী';'সাধের লাউ বানাইলো মোরে বৈরাগী
 লাউয়ের আগা খাইলাম,
 ডোগা গো খাইলাম
 লাউ দি বানাইলাম ডুগডুগী ।।

লাউয়ের এত মধু
 জানে গো যাদু, (এত মধু গো)
 লাউ ধরলাম সঙ্গের সংগী ।।

আমি গয়া গেলাম
 কাশী গো গেলাম, (গয়া গেলাম গো)
 সঙ্গে নাই মোর বৈষ্ণবী ।।';'রুনা লায়লা';'প্রচলিত';'0'
'নিচুর কাছে নিচু হতে';'নিচুর কাছে নিচু
 হতে শিখলি না রে মন॥
 তুই সুখী জনের করিস পূজা,
 দুঃখির অযতন – মূঢ় মন!

লাগে নি যার পায়ে ধুলি,
 কি নিবি তার চরণধুলি?
 নয় রে সোনায়, বনের কাঠেই
 হয় রে চন্দন – মূঢ় মন!

প্রেম-ধন মায়ের মতন,
 দুঃখী সুতেই অধিক যতন,
 এই ধনেতে ধনী যে জন
 সেই তো মহাজন – মূঢ় মন!

বৃথা তোর কৃচ্ছ্সাধন,
 সেবাই নরের শ্রেষ্ঠ সাধন,
 মানবের পরম তীর্থ
 দীনের শ্রীচরণ – মূঢ় মন!

মতামতের তর্কে মত্ত,
 আছিস ভুলে পরম সত্য,
 সকল ঘরে, সকল নরে
 আছেন নারায়ণ – মূঢ় মন!';'শ্রী সন্তোষ সেনগুপ্ত';'শ্রী অতুল প্রসাদ সেন';'0'
'ওগো নিঠুর দরদী';'ওগো নিঠুর দরদী, ও কি খেলছ অনুক্ষণ।
 তোমার কাঁটায় ভরা বন, তোমার প্রেমে ভরা মন,
 মিছে খাও কাঁটার ব্যথা, সহিতে না পার তা আমার আঁখিজল,
 ওগো আমার আঁখিজল তোমায় করেগো চঞ্চল
 তাই নাই বুঝি বিফল আমার অশ্রু বরিশন।
 ওগো নিঠুর দরদী।
 ডাকিলে কও না কথা, কি নিঠুর নিরবতা।
 আবার ফিরে চাও, তুমি আবার ফিরে চাও,
 বল ওগো শুনে যাও
 তোমার সাথে আছে আমার অনেক কথন।
 এ কি খেলছ অনুক্ষণ,
 ওগো নিঠুর দরদী।';'বিজয়া দেব';'অতুলপ্রসাদ সেন';'0'
'কতকালের সেই ঠিকানায়';'কতকালের সেই ঠিকানায়
 আমার স্মৃতির একটি পাতায়
 কেমন আছো ?

আগের মতই রিক্সা থেকে
 নামছো তুমি আমায় দেখে
 কেমন আছো ?

এখনো সেই পাঞ্জাবীটা
 হারিয়ে যাওয়া সেই চাবিটা
 কেমন আছো ?
 এলবামে ছোট বেলার ছবি
 স্মৃতিতে মাহমুদ্দুন্নবী
 কেমন আছো ?

ক্লাস পালিয়ে দেখা হতো
 দেখতে দেখতে সময় যেতো
 কেমন আছো ?
 ঝিলের ধারে হটাৎ বিকেল
 শুইয়ে রাখা বাই-সাইকেল
 কেমন আছো ?

আসিফ আসতো ছুটির দিনে
 স্কুলের বন্ধু রাস্তা চিনে
 কেমন আছো ?
 সারা সকাল আডদা দিতে
 রাজনীতির খবর নিতে
 কেমন আছো ?

তর্ক হতো চড়তো গলা
 উঁকি দিতে বাড়ীওয়ালা
 কেমন আছো ?
 মাস গেলে থোক মাইনে নিয়ে
 রাখতে কিছু ব্যাংকে গিয়ে
 কেমন আছো ?

জমা খরব হিসেব নিকেষ
 কোথায় শুরু কোথায় বা শেষ
 কেমন আছো ?
 অনেক বছর পেরিয়ে এলাম
 হটাৎ তোমার দেখা পেলাম
 কেমন আছো ?';'সাবিনা ইয়াসমিন';'কেমন আছো';'0'
'তাকে ভাবলেই কাহিনীরা ভীড় করে';'শাওন মেঘে কি কথার বৃষ্টি ঝরে
 তাঁকে ভাবলেই কাহিনীরা ভীড় করে
 কাহিনীর পর কাহিনীর সে কি জেদ
 দেখিয়ে দিলেন হুমায়ূন আহমেদ।

ছোট থেকে বড় পাঠকের সংখ্যা কত?
 চরিত্রগুলো তাঁর পাঠকের মতো
 ধরা ছোঁওয়া যায়, চেনা যায় আয়নায়
 আরও বলো আরও গল্পের বায়নায়।

চলেছে বাক্য তাঁরই কলম ধরে
 সহজ কথার গল্প সঙ্গে করে
 সঙ্গী হয়েছি গল্পের সড়কেই
 স্বর্গ ছুঁয়েছি নন্দিত নরকেই।

এ দুনিয়া ছেড়ে অন্য কোথায় যাওয়া
 সেখানে নতুন কোনো গল্প খুঁজে পাওয়া
 কারুর কারুর পরে না পূর্ণছেদ
 আবার লিখুন হুমায়ূন আহমেদ।

শাওন মেঘে কি কথার বৃষ্টি ঝরে
 তাকে ভাবলেই কাহিনীরা ভীড় করে।';'কবির সুমন';'কবির সুমন';'0'
'সোনা বন্ধু ভুইলো না আমারে';'তুমি বিনে আকুল পরাণ
 থাকতে চায় না ঘরে রে
 সোনা বন্ধু ভুইলো না আমারে

আমি এই মিনতি করি রে
 …এই মিনতি করি রে
 সোনা বন্ধু ভুইলো না আমারে

সাগরে ভাসাইয়া কুল-মান
 তোমারে সঁপিয়া দিলাম আমার
 দেহ-মন-প্রাণ
 সর্বস্ব ধন করিলাম দান
 তোমার চরণের তরে
 সোনা বন্ধু ভুইলো না আমারে

আমারে ছাড়িয়া যদি যাও
 প্রতিজ্ঞা করিয়া বলো
 আমার মাথা খাও
 তুমি যদি আমায় কান্দাও
 …তুমি যদি আমায় কান্দাও
 তোমার কান্দন পরে রে
 সোনা বন্ধু ভুইলো না আমারে

আমি এই মিনতি করি রে
 এই মিনতি করি রে
 সোনা বন্ধু ভুইলো না আমারে

কুল-মান গেলে ক্ষতি নাই আমার
 তুমি বিনে প্রাণ বাঁচেনা
 কি করিব আর?
 তোমার প্রেম-সাগরে
 প্রেম-সাগরে তোমার করিম যেন ডুবে মরে
 সোনা বন্ধু ভুইলো না আমারে

আমি এই মিনতি করি রে
 এই মিনতি করি রে
 সোনা বন্ধু ভুইলো না আমারে';'কাজী শুভ';'সাদাকালো';'0'
'বিচ্ছেদের অনলে সদাই অঙ্গ জ্বলে';'বিনয় করি গো প্রিয় আয় আয় রে
 বিচ্ছেদের অনলে সদাই অঙ্গ জ্বলে
 বিনয় করি গো প্রিয়া আয় আয় রে।।

তোমারও তাড়না শরীরে সহে না
 সহজ অবলা এ মন
 বন্ধু বন্ধু বলে ঝাঁপিবো ঐ জলে
 বিনয় করি গো প্রিয় আয় আয় রে।।

আগে না জানিয়া প্রেমেতে মজিয়া
 কাঁন্দিয়া জনমও গেলো
 দিয়া প্রেমের জ্বালা
 হারাইলো এই বেলা
 কোথায় লুকাইলি প্রিয় আয় আয়রে
 বিনয় করি গো প্রিয় আয় আয় রে।।';'কুমার বিশ্বজিত';'সংগ্রহ';'0'
'দেখেছি রূপসাগরে মনের মানুষ কাঁচা সোনা';'দেখেছি রূপসাগরে মনের মানুষ কাঁচা সোনা।
 তারে ধরি ধরি মনে করি
 ধরতে গিয়ে আর পেলাম না।। 

সে মানুষ চেয়ে চেয়ে খুজেতেছি পাগল হয়ে।
 হৃদয়ে জ্বলছে আগুন আর নিভে না।

এখন বলে বলুক মন্দ লোকে
 বিরহে প্রাণ আর বাঁচে না।
 দেখেছি রূপসাগরে মনের মানুষ কাঁচা সোনা।।

পথিক কয় ভেবো নারে ডুবে যাও রূপসাগরে।
 বিরলে বসে করো রূপসাধনা।

আবার ধরতে গেলে মনের মানুষ
 ছেড়ে যেতে আর দিওনা।
 দেখেছি রূপসাগরে মনের মানুষ কাঁচা সোনা।।';'পূর্ণ দাস বাউল';'সংগ্রহ';'0'
'মরিলে কান্দিস না আমার দায়';'মরিলে কান্দিস না আমার দায়।
 রে যাদু ধন মরিলে কান্দিস না আমার দায়
 মরিলে কান্দিস না আমার দায়

সুরা ইয়াসীন পাঠ করিও বসিয়া কাছায়।
 যাইবার কালে বাঁচি যেন শয়তানের ধোঁকায়
 রে যাদুধন মরিলে কান্দিস না আমার দায় 

বুক বান্ধিয়া কাছে বইসা গোছল করাইবা
 কান্দনের বদলে মুখে কলমা পড়িবা।
 রে যাদু ধন মরিলে কান্দিস না আমার দায়

কাফন পিন্দাইয়া আতর গোলাপ দিয়া গায়
 তেলাওয়াতের ধ্বনি যেন ঘরে শোনা যায়।
 রে যাদু ধন মরিলে কান্দিস না আমার দায়

কাফন পড়িয়া যদি কান্দো আমার দায়
 মসজিদে বসিয়া কাইন্দো আল্লা’রই দরগায়।
 রে যাদু ধন মরিলে কান্দিস না আমার দায়';'সুবীর নন্দী';'গিয়াস উদ্দিন';'0'
'নবী মোর পরশ মনি';'নবী মোর পরশ মনি
 নবী মোর সোনার খনি
 নবী নাম জপে যে জন সেইতো দোজাহানের ধনী।।

নবী মোর নুরে খোদা
 তার তরে সকল পয়দা
 আদমের কলবেতে তারই নুরের রৌশনী।।

ঐ নামে সুর ধরিয়া
 পাখী যায় গান করিয়া
 ঐ নামে আকুল হইয়া ফুল ফোতে সোনার বরণী।।

চাঁদ সুরুয গ্রহ তারা
 তারই নউরের ইশারা
 নইলে যে অন্ধকারে ডুবিত এই ধরণী।।

নিদানে আখেরাতে
 ত্বরাইতে পুল সিরাতে
 কান্ডারী হইয়া নবী পার করিবেন সেই তরণী।।';'অজানা';'সিরাজুল ইসলাম';'0'
'দুনিয়া সুন্দর মানুষ সুন্দর';'দুনিয়া সুন্দর মানুষ সুন্দর
 আসমান সুন্দর জমিন সুন্দর
 সুন্দরে সুন্দরে পাল্লা
 জানিনা কত সুন্দর তুমি আল্লাহ।।

ঝর্ণা ছুটে চলে একেবেকে
 পৃথিবীর পথে কত ছবি একে
 নদীরও কলতানে
 সাগরের গর্জনে।
 ঢেউয়ে ঢেউয়ে দেয় পাল্লা।।

বাগানে ফুঠে ফুল রাশি রাশি
 রাতেরই তাঁরা ভরা চাদের হাসি।
 গুন গুন গানে ঢেকে
 মৌমাচি মধু চাকে।
 ফুলে ফুলে করে হল্লা।।

দখিনা বাতাস গায়ে পরশ বুলিয়ে
 তার টানে পাল তুলে নৌকা চলে
 তোমারি নামে মনে
 ভাটিয়ালি সুরের তানে
 দাড় টেনে যায় মাঝি মাল্লা।।';'কোরাস';'বিবিধ';'0'
'রংধনু ভাল লাগে নীল আকাশ';'রংধনু ভাল লাগে নীল আকাশ
 ভাল লাগে মেঘে চাঁদ
 তার চেয়েও ভাল লাগে
 তাঁরার উঠোনেতে জেগে থাকা সেই রাত।

বন্ধু তোমায় মনে পড়ে
 বন্ধু তোমায় মনে পড়ে।।

ভাল লাগে শিশির ঝরা
 ভিজে যাওয়া কিছু ঘাস ফুল
 ভাল লাগে এক চিলতে রোদ
 অকারনে করে ভুল

বন্ধু তোমায় মনে পড়ে
 বন্ধু তোমায় মনে পড়ে।।

ভাল লাগে দখিন হাওয়া
 চোখ বুজে কিছুক্ষণ
 ভাল লাগে ****
 অকারনে করে ভুল।

ভাল লাগে দখিন হাওয়া
 চোখ বুজে কিছুক্ষণ
 ভাল লাগে স্বপ্নগুলো
 যাকে ঘিরে মন

বন্ধু তোমায় মনে পড়ে
 বন্ধু তোমায় মনে পড়ে।।';'নিশিতা';'ক্লোজ-আপ ওয়ান হিটস';'0'
'বন্ধুরে';'ও বন্ধু তোমার বাড়ী তোমার ঘর তোমার আঙ্গিনা
 সবখানে বিচরণ করি তুমি জান না।

তুমি যখন ঘুমাও থাকি তোমার স্বপনে
 ভালবাসার কাজল হইলাম তোমার নয়নে

বন্ধুরে তুমি মোরে ভুইলা যাইও না।

আমি জ্বালাই প্রেমের বাতি তোমায় ভাবি সারারাতি
 আমার চোখে ঘুমতো আসে না।

আমি থাকি আউলা চুলে আমি সবকিছু যাই ভুলে
 কোন কাজে মন তো বসে না

তুমি যখন ঘুমাও থাকি তোমার স্বপনে
 ভালবাসার কাজল হইলাম তোমার নয়নে

বন্ধুরে তুমি মোরে ভুইলা যাইও না।

এ কেমন তর জ্বালা এ যায় না কাউকে বলা
 চুপি চুপি অন্তর পুড়ে ছাই।

এমন পিঞ্জরের মাঝে শুধু বিরহের সুর বাজে
 তোমায় দেখি যেদিকে তাকাই

তুমি যখন ঘুমাও থাকি তোমার স্বপনে
 ভালবাসার কাজল হইলাম তোমার নয়নে

বন্ধুরে তুমি মোরে ভুইলা যাইও না।।';'মীরা সিনহা';'মাহমুদ জুয়েল';'0'
'কারে দেখাবো মনের দুঃখ গো';'কারে দেখাবো মনের দুঃখ গো আমি বুক চিরিয়া
 অন্তরে তুষেরই অনল জ্বলে গইয়া গইয়া।

ঘর বাঁধলাম প্রাণবন্ধের সনে
 কত কথা ছিল মনে গো।।
 ভাঙ্গিল আদরের জোড়া।।
 কোনজন বাদী হইয়া।
 জ্বলে গইয়া গইয়া।

কার ফলন্ত গাছ উখারিলাম
 কারে পুত্র শোকে গালি দিলাম গো,
 না জানি কোন অভিশাপে
 এমন গেল হইয়া।
 জ্বলে গইয়া গইয়া।

কথা ছিল সঙ্গে নিব
 সঙ্গে আমায় নাহি নিল গো।।
 রাধারমন ভবে রইল ।।
 জিতে মরা হইয়া।
 জ্বলে গইয়া গইয়া।
 কারে দেখাবো মনের দুঃখ গো আমি বুক চিরিয়া,
 অন্তরে তুষেরই অনল জ্বলে গইয়া গইয়া।';'সেলিম চৌধুরী';'বিদিত লাল দাস';'0'
'নিশিতে যাইও ফুলবনে';'নিশিতে যাইও ফুলবনে
 – রে ভোমরা।
 নিশিতে যাইও ফুলবনে।

জ্বালায়ে চান্দের বাতি
 আমি জেগে রব সারা-রাতি গো ।।
 আমি কব কথা শিশিরের সনে
 – রে ভোমরা।
 নিশিতে যাইও ফুলবনে।

যদিবা ঘুমায়ে পড়ি-
 স্বপনের পথ ধরি গো,
 তুমি নীরব চরণে যাইও
 – রে ভোমরা।

আমার ডাল যেন ভাঙে না,
 আমার ফুল যেন ভাঙে না,
 ফুলের ঘুম যেন ভাঙে না।
 তুমি নীরব চরণে যাইও
 – রে ভোমরা।
 নিশিতে যাইও ফুলবনে।।';'খালিদ হাসান মিলু';'শেষ খেয়া';'0'
'ও মোর বানিয়া বন্ধু রে';'ও মোর বানিয়া বন্ধু রে
 একটা তাবিজ বানাইয়া দে।
 একটা মাদুলি বানাইয়া দে।
 ওরে মরিয়া গিয়াছে
 বিয়ার সোয়ামী স্বপনে আইসে।।

যে জন সোনার বানিয়া
 নীতি করে সোনাকো না মোর
 ওজন করিয়া দেয়।
 ও মোর সাধের বানিয়া রে
 ও মোর ভাবের বানিয়া রে
 ওরে সোনা-রূপা মিশিল করে একটা
 তাবিজ বানাইয়া দে।
 ওরে মরিয়া গিয়াছে
 বিয়ার সোয়ামী স্বপনে আইসে।।

হাতের নিলুক মোর কোচার নিল
 হাকার রুমুক নিভুয়াতে
 যাক মারিল লোকের কথাতে।
 ও মোর ভাবের বানিয়া রে
 ও মোর সাধের বানিয়া রে
 ওরে দিবার চাইয়া নাকের
 নোলক নাই দিলু মোরে।
 ওরে মরিয়া গিয়াছে
 বিয়ার সোয়ামী স্বপনে আইসে।।';'সালমা';'ক্লোজ-আপ ওয়ান';'0'
'ও কারিগর, দয়ার সাগর, ওগো দয়াময়';'ও কারিগর, দয়ার সাগর, ওগো দয়াময়
 চান্নি পসর রাইতে যেন আমার মরণ হয়।

চান্নি পসর চান্নি পসর আহারে আলো ।।
 কে বেসেছে কে বেসেছে তাহারে ভালো
 কে দিয়েছে নিশি রাইতে দুধের চাদর গায়
 কে খেলেছে চন্দ্র খেলা ধবল ছায়ায়

এখন খেলা থেমে গেছে মুছে গেছে রং ।।
 অনেক দূরে বাজছে ঘণ্টা ঢং ঢং ঢং
 এখন যাব অচিন দেশে, অচিন কোন গায়
 চন্দ্রকারিগরের কাছে ধবল পঙ্খী নায়

ও কারিগর, দয়ার সাগর, ওগো দয়াময়
 চান্নি পসর রাইতে যেন আমার মরণ হয়।';'এস আই টুটুল';'এস আই টুটুল';'0'
'ঘাটে লাগাইয়া ডিঙ্গা পান খাইয়া যাও';'ও…ও বাঁশী
 ঘাটে লাগাইয়া ডিঙ্গা পান খাইয়া যাও
 বাঁশী আল্লাহ’র দোহায়
 এই পরানের বিনিময় তোমার পরান দিও বাশী
 আল্লাহ’র দোহায়…

ও…ও বাঁশী
 বানের টানে টানে আইসো আমার পাণে
 মধু লাগাইও মনে মজিও পানের গুনে আসিও ।।
 আমার রঙ্গে পানের রঙ্গে রাঙ্গা হইও বাঁশী
 আল্লাহ’র দোহায়…

ও…ও বাঁশী
 ঘাটে আসিও পিড়ি পেতে দেব পাশে বসাব
 মুখেতে পান দিব দিব রে
 অন্যের হাতের পান ছাইড়া
 আমার হাতের পান খাইয়ো ……

ও…ও বাঁশী
 নাহি পান পানি দিনের পাখানি আছে
 জগতে জানি আসিও গুল মনি আসিও
 কোন রসেতে ডুইবা তুই দিনের অধিকারী
 দিনের অধিকারী হইও…';'শচীন দেব বর্মণ';'শচীন দেব বর্মণ';'0'
'বর্ণে গন্ধে ছন্দে গীতিতে';'বর্নে গন্ধে ছন্দে গীতিতে
 হৃদয়ে দিয়েছো দোলা
 রঙেতে রাঙিয়া রাঙাইলে মোরে
 একি তব হরি খেলা
 তুমি যে ফাগুন
 রঙেরও আগুন
 তুমি যে রসেরও ধারা
 তোমার মাধুরী তোমার মদিরা
 করে মোরে দিশাহারা

মুক্তা যেমন শুক্তিরও বুকে তেমনি আমাতে তুমি
 আমার পরাণে প্রেমের বিন্দু তুমি শুধু তুমি

প্রেমের অনলে জ্বালি যে প্রদীপ সে দীপেরও শিখা তুমি
 জোনাকি পাখায় ঝিকিমিকি নেচে এ রীতি নাচালে তুমি
 আপনও হারায়ে উদাসী প্রানের লহগো প্রেমান্জলি
 তোমারে রচিয়া ভরেছি আমার বাউল গানের ঝুলি

মুক্তা যেমন শুক্তিরও বুকে তেমনি আমাতে তুমি
 আমার পরাণে প্রেমের বিন্দু তুমি শুধু তুমি

চমকি দেখিনু আমার প্রেমের জোয়ারও তোমারই মাঝে
 হৃদয় দোলায় দোলাও আমারে তোমারও হিয়ারিই মাঝে
 তোমারও প্রানের পুলকও প্রবাহ নিশীথে চাহিয়া মাতে
 যত মোর নাম গাহ মোর গান আমারই একতারাতে

মুক্তা যেমন শুক্তিরও বুকে তেমনি আমাতে তুমি
 আমার পরাণে প্রেমের বিন্দু তুমি শুধু তুমি';'শচীন দেব বর্মণ';'শচীন দেব বর্মণ';'0'
'রঙিলা রঙিলা রঙিলা রে রঙিলা';'রঙিলা রঙিলা রঙিলা রে রঙিলা
 আমারে ছাড়িয়ারে বন্ধু
 কই গেলা রে বন্ধু
 কই রইলা রে
 আমারে ছাড়িয়ারে বন্ধু
 কই গেলা রে

তুমি হইও গাঙ রে বন্ধু
 আমি গাঙের পানি
 জোয়ারে ভাটাতে হবে
 নিতই জানাজানি রে বন্ধু
 নিতই জানাজানি
 তুমি হইও ফুল বন্ধু
 আমি হবো হাওয়া
 দেশ বিদেশে ফিরবো আমি
 হইয়া মাতেলা রে
 হইয়া পাগেলারে

সেকালে কইছিলোরে বন্ধু
 হস্ত দিয়া মাথে
 তোমার মালার ফুল হইয়া
 ফুইটা রব সাথে রে
 ফুইটা রব সাথে
 খালি কণ্ঠ খালি রইল
 না পরিলাম মালা
 না আইলো মোর প্রাণের পতি
 (হায় হায় রে…)
 ডুইবা গেলো বেলা রে
 ডুইবা গেলো বেলা';'শচীন দেব বর্মণ';'কই গেলা রঙিলা';'0'
'কে যাস রে ভাটি গাঙ বাইয়া';'কে যাস রে ভাটি গাঙ বাইয়া
 আমার ভাইধন রে কইয়ো, নাইওর নিতো বইলা
 তোরা কে যাস কে যাস…।।

বছর খানি ঘুইরা গেল, গেল রে
 ভাইয়ের দেখা পাইলাম না, পাইলাম না

কইলজা আমার পুইড়া গেল, গেল রে
 ভাইয়ের দেখা পাইলাম না, পাইলাম না
 ছিলাম রে কতই আশা লইয়া
 ভাই না আইলো গেল গেল, রথের মেলা চইলা
 তোরা কে যাস কে যাস……

প্রাণ কান্দে , কান্দে
 প্রান কান্দে কান্দে প্রান কান্দে রে, প্রান কান্দে
 নয়ন ঝরে ঝরে নয়ন ঝরে রে, নয়ন ঝরে
 পোড়া মনরে বুঝাইলে বুঝে না
 কান্দে কান্দে প্রান কান্দে

সুজন মাঝিরে ভাইরে কইয়ো গিয়া
 না আসিলে স্বপনেতে দেখা দিত বইলা
 তোরা কে যাস কে যাস……

সিঁন্দুরিয়া মেঘ উইড়া আইলো রে
 ভাইয়ের খবর আনলো না, আনলো না
 ভাটির চরে নৌকা ফিরা আইলো রে
 ভাইয়ের খবর আনলো না, আনলো না

নির্দয় বিধি রে তুমিই সদয় হইয়া
 ভাইরে আইনো নইলে আমার পরান যাবে জ্বইলা
 তোরা কে যাস কে যাস……

কে যাস রে ভাটি গাঙ বাইয়া
 আমার ভাইধন রে কইয়ো, নাইওর নিতো বইলা
 তোরা কে যাস কে যাস |';'চন্দনা মজুমদার';'শচীন দেব বর্মণ';'0'
'চাইছো না কেন?';'চাইছো না কেন? বল কি চাও তুমি?
 পৃথিবীটা জুরে মোর কারবার
 যা ইচ্ছে তা, এই মন চায় যা
 একবার চাইলে পাবে বারবার

এ জীবনে হয়তো পারবো না জানি
 যা বলেছি দেবো ঠিকই
 আমরা যখন, স্বর্গবাসী

তোমার মনে ইচ্ছে হলেই এনে দেব এক পলকে
 যদি দেরি হয়ে যায়, একটু থেমো স্বর্গ দুয়ারে

চাও যদি নদী দেব সাগরের জল, অবিরাম বৃষ্টি উত্তাল ঝড়
 চাও কুয়াশা দেব বরফের ঢল, কনকনে শীত আঁচল সম্বল

তোমার মনে ইচ্ছে হলেই এনে দেব এক পলকে
 যদি দেরি হয়ে যায়, একটু থেমো স্বর্গ দুয়ারে

যাচ্ছো না বাইরে আজ অনেক রোদ
 মেঘে ঢেকে দেব তা যা ইচ্ছে হোক
 কাঁদছো তুমি ভিজে ওঠে দুই চোখ
 মুছে দেব নিমিষে ভুলে যাবে শোক

চাও যদি আমাকে তুমি একবার
 পাবে রাত্রি দুপুর আলো বা আঁধার
 চাও যদি শুনতে এ গান আবার
 এবারই প্রথম এটাই শেষবার
 শুনে নাও তোমার মনে ইচ্ছে হলেই এনে দেব এক পলকে
 যদি দেরি হয়ে যায়, একটু থেমো স্বর্গ দুয়ারে

চাইছো না কেন? বল কি চাও তুমি………।।

এ জীবনে হয়তো পারবো না জানি………।।';'তপু';'বন্ধু ভাবো কি';'0'
'দয়াল তোমারও লাগিয়া যোগিনী সাজিব';'দয়াল তোমারও লাগিয়া যোগিনী সাজিব
 তুমি কোনবা দেশে রইলারে দয়াল চান

তোমায় না দেখলে বাঁচে না আমার প্রাণ
 তুমি কোনবা দেশে রইলারে দয়াল চান

দয়াল তোমারও লাগিয়া যোগিনী সাজিব।
 আমি সঁইপা দিব আমার মন ও প্রাণ
 তুমি কোনবা দেশে রইলারে দয়াল চান

দয়াল তোমারও লাগিয়া দেশে না বৈদেশে।

আমি পাইতাছি পিরিতির ফল।
 তুমি কোনবা দেশে রইলারে দয়াল চান

যেমন শিমুলের তুলা বাতাসে ওড়ে রে।

তুমি সেই মতো উড়াইলা আমার প্রাণ।
 তুমি কোনবা দেশে রইলারে দয়াল চান।।';'অভি';'প্রেম শিকারী';'0'
'আমার বন্ধু দয়াময়';'আমার বন্ধু দয়াময়
 তোমারে দেখিবার মনে লয়।
 তোমারে না দেখলে রাধার
 জীবন কেমনে রয় বন্ধুরে।।

কদম ডালে বইসারে বন্ধু
 ভাঙ্গ কদম্বের আগা।
 শিশুকালে প্রেম শিখাইয়া
 যৌবনকালে দাগা রে।।

তমাল ডালে বইসারে বন্ধু
 বাজাও রঙের বাশি।
 সুর শুনিয়া রাধার মন
 হইলো যে উদাসি রে।।

ভাই বেরাদার রমণ বলে
 মনেতে ভাবিয়া।
 নিভা ছিল মনের আগুন
 কে দিল-ই জ্বালাইয়া রে।।';'চন্দনা মজুমদার';'রাধা রমন';'0'
'আলু বেচো, ছোলা বেচো, বেচো বাখর খানি';'আলু বেচো, ছোলা বেচো, বেচো বাখর খানি
 বেচোনা বেচোনা বন্ধু তোমার চোখের মণি।

কলা বেচো, কয়লা বেচো, বেচো মটরদানা
 বুকের জ্বালা বুকেই জ্বলুক, কান্না বেচোনা।

ঝিঙে বেচো পাঁচ সিকেতে, হাজার টাকায় সোনা
 বন্ধু তোমার লাল টুকটুকে স্বপ্ন বেচোনা।

ঘরদোর বেচো ইচ্ছে হলে, করব নাকো মানা
 হাতের কলম জনম দুখী, তাকে বেচোনা।';'প্রতুল মুখোপাধ্যায়';'প্রতুল মুখোপাধ্যায়';'0'
'ও সখীনা গেছস কিনা ভুইল্লা আমারে';'আমি অহন রিসকা চালাই ঢাহা শহরে।
 ও সখীনা গেসস কিনা ভুইল্লা আমারে
 আমি অহন রিসকা চালাই ঢাহা শহরে।
 ও সখীনা গেসস কিনা ভুইল্লা আমারে

এবার বানে সোনাফলা মাঠ হইল ছারখার
 দেশ-গেরামে শেষে নামে আকাল হাহাকার।।
 আমরা মরি কি আসে যায়
 মহাজনে পাওনা টা চায়
 বেবাক ফসল তুইলা দিলাম আমরা তাগোর খামারে।
 ও সখীনা গেসস কিনা ভুইল্লা আমারে
 আমি অহন রিসকা চালাই ঢাহা শহরে।
 ও সখীনা গেসস কিনা ভুইল্লা আমারে

জলার পাশে কলাগাছের ছায়া সারি সারি।।
 তার তলাদি চইলা আইলাম আমি অনাহারি।।
 হাজার ঠেকায় গরীব ঠকায় তাকায় রাঙ্গা চোখে
 মিডা কথা কয়নাতো কেউ আমরা ছোডলোকে।।
 লক্ষ মশার উৎপাতে
 রাত কাটেনা ফুটপাতে।।
 লয় মনে আজ বদলা লমু উইড়া যামু তোর ধারে।
 ও সখীনা গেসস কিনা ভুইল্লা আমারে

ও সখীনা গেসস কিনা ভুইল্লা আমারে
 আমি অহন রিসকা চালাই ঢাহা শহরে।';'ফকির আলমগীর';'ফকির আলমগীর';'0'
'পরের জায়গা পরের জমিন';'পরের জায়গা পরের জমিন
 ঘর বানাইয়া আমি রই
 আমি তো এই ঘরের মালিক নই।।

সেই ঘরখানা যার জমিদারি
 আমি পাইনা তাহার হুকুমদারী
 আমি পাইনা জমিদারের দেখা ।।
 মনের দুঃখ কারে কই।।

জমিদারের ইচ্ছামত দেই না জমি চাষ
 তাইতো ফসল ফলে না রে
 দুঃখ বারো মাস।।

আমি খাজনাপাতি সবই দিলাম
 তবু জমিন আমার হয় যে নীলাম ।।
 আমি চলি যে তার মন জোগাইয়া
 দাখিলায় মেলে না সই।।

পরের জায়গা পরের জমিন
 ঘর বানাইয়া আমি রই
 আমি তো এই ঘরের মালিক নই।।';'আব্দুল আলীম';'আব্দুল আলীম';'0'
'চঞ্চল মন আনমনা হয় যে তার ছোঁয়া লাগে';'চঞ্চল মন আনমনা হয় যে তার ছোঁয়া লাগে।।
 ভোরের আকাশে আলো দেখে পাখি যেন জাগে।
 চঞ্চল মন আনমনা হয় যে তার ছোঁয়া লাগে।।

সারাদিন রিমঝিম ঝিম কত বৃষ্টি
 কত বৃষ্টি হয়েছে মন জুড়ে।।

দিশাহারা কোনো পাতা যেন
 ঝড়ের মুখেতে গেল উড়ে
 চোখের পাতায় এতো স্বপ্নের ভীড় হয়নি তো আগে
 ভোরের আকাশে আলো দেখে পাখি যেন জাগে।
 চঞ্চল মন আনমনা হয় যে তার ছোঁয়া লাগে।।

গুনগুন গুন গানে
 মনে এসে বাসা ভ্রমরের মতো তার মন
 এসে বসে মোর মনে
 আমি সব কিছু – ভুলে গেছি গুন গুন গুন গানে

উচ্ছ্বল মন তোলপাড় অনাসৃষ্টি
 অনাসৃষ্টি চলেছে সেই থেকে।।

বুঝিনি তো ভুল হয়ে গেছে
 ঝড়ের মেঘেতে মন রেখে।

পিঞ্জর ভেঙ্গে উড়বার নেশা এতো হয়নিতো আগে
 ভোরের আকাশে আলো দেখে পাখি যেন জাগে।

চঞ্চল মন আনমনা হয় যে তার ছোঁয়া লাগে।।
 ভোরের আকাশে আলো দেখে পাখি যেন জাগে।
 চঞ্চল মন আনমনা হয় যে তার ছোঁয়া লাগে।।';'শ্রীকান্ত আচার্য্য';'সাধনা সার্গাম';'0'
'এ রাত জাগা পাখি, কী গান যায়';'এই রাত জাগা পাখি কি গান যায় শুনিয়ে
 আসে ফিরে ফিরে তোমারই ইশারা।।

ঐ জোৎস্না ভেজা তোমার হাতছানি
 শোনায় কত কথা মিটি মিটি তারা।

উদাসী হাওয়ায় হৃদয় উন্মন
 মনে আসে যত কথা বলা বাকি।।

পাই ফিরে ভালবাসার এই মন
 রামধনু রঙে কত ছবি আঁকি।

ঐ জোসনা ভেজা তোমার হাতছানি
 শোনায় কত কথা মিটি মিটি তারা।

সারাবেলা যত সাধ থাকে গোপন
 মায়াবি রাতে এসে দেয় সে উঁকি
 হারানো কত স্মৃতি আসে ফিরে
 ভরে যায় জীবনের অনেক ফাঁকি।

এই রাত জাগা পাখি কি গান যায় শুনিয়ে
 আসে ফিরে ফিরে তোমারই ইশারা।

ঐ জোৎস্না ভেজা তোমার হাতছানি
 শোনায় কত কথা মিটি মিটি তারা।';'শ্রীকান্ত আচার্য্য ও সাধনা সারগাম';'বিবিধ';'0'
'কৃষ্ণ আইলা রাধার কুঞ্জে,';'কৃষ্ণ আইলা রাধার কুঞ্জে,
 ফুলে বাইলা ভোমরা
 ময়ুর বেশেতে সাজুইন রাধিকা।

সোয়া চন্দন ফুলের মালা,
 সখিগণে লইয়া আইলা
 কৃষ্ণ দিলায় রাধার গলে,
 বাসর হইল উজালা
 বাসর হইল উজালা গো,
 বাসর হইলো উজালা।
 ময়ুর বেশেতে সাজুইন রাধিকা।

কৃষ্ণ দিলায় রাধার গলে,
 রাধায় দিলা কৃষ্ণর গলে
 আনন্দে সখীগণ নাচে
 দেখিয়া প্রেমের খেলা
 দেখিয়া প্রেমের খেলা গো
 দেখিয়া প্রেমের খেলা।
 ময়ুর বেশেতে সাজুইন রাধিকা।

কৃষ্ণ প্রেমের প্রেমিক যারা,
 নাচে গায় খেলে তারা
 কুল ও মানের ভয় রাখে না,
 ললিত ও আর বিশখা
 ললিত ও আর বিশখা গো
 ললিত ও আর বিশখা।
 ময়ুর বেশেতে সাজুইন রাধিকা।';'কায়া';'কৃষ্ণ';'0'
'নির্জন যমুনার কূলে';'নির্জন যমুনার কূলে
 বসিয়া কদম্ব তলে
 বাঁজায় বাঁশী বন্ধু শ্যামরায় ।।

বাঁশীতে কি মধু ভরা আমারে করিল সারা
 আমি নারী ঘরে থাকা দায়
 কালার বাঁশী হলো বাম বলে শুধু রাধা নাম।।
 কুলবঁধুর কুলমান মজায়
 বাঁশীর সুরে অঙ্গ জ্বলে ঘরের জল বাহিরে ফেলে
 মনে লয় যামু যমুনায় 

শোন গো ললিতে সখী বন্ধু ছাড়া কেমনে থাকি
 প্রাণপাখী উড়ে যেতে চায় ।।
 আমি নারী কুলবালা কালার বাঁশী দিল জ্বালা।।
 অঙ্গ কালা বন্ধুর চিন্তায়
 যদি আমার কেউ থাকো বন্ধু এনে প্রাণটি রাখো
 মন প্রাণ সব সঁপিব তার পা’য়

ভুবনমোহন সুরে ভাইটাল নদী উজান ধরে
 জ্বলে অনল আমার অন্তরায়
 মনের লয় সন্ন্যাসী হইয়া দেখবো তারে তল্লাসিয়া
 কোন বনে সে বাঁশরী বাজায়
 নইলে কলসী বেন্ধে গলে ঝাঁপ দেবো যমুনায় জলে
 প্রাণ ত্যাজিব বলে দূরবীন শাহ';'দিলরুবা খান';'দূরবীন শাহ';'0'
'বন্ধু তোর লাইগা রে';'বন্ধু তোর লাইগা রে
 বন্ধু তোর লাইগা রে
 আমার তনু জড়জড়
 মনে লয় ছাড়িয়ারে যাইতাম
 থুইয়া বাড়ি ঘর
 বন্ধু তোর লাইগা রে ।।

অরণ্য জঙ্গলার মাঝে আমার একখান ঘর
 ভাইয়ো নাই বান্ধবও নাই মোর
 কে লইবো খবর হায়রে
 বন্ধু তোর লাইগা রে……।

বট বৃক্ষের তলে আইলাম ছায়া পাইবার আশে
 তাল ভাঙ্গিয়া রৌদ্র ওঠে
 আমার কর্মদোষে
 বন্ধু তোর লাইগা রে……

নদী পাড় হইতে গেলাম নদীরও কিনারে
 নদীরও কিনার বানাইয়া
 নদী পাড় হইতে গেলাম নদীরও কিনারে
 আমারে দেখিয়ারে নৌকা সরে দুরে দুরে
 হায়রে বন্ধু তোর লাইগা রে……

সৈয়দ শাহ নূরে কান্দইন
 নদীর কুলো বইয়া
 পাড় হইমু পাড় হইমু কইরা
 দিনতো যায় চলিয়া হায়রে
 বন্ধু তোর লাইগা রে……';'সৈয়দ শাহ নূর ও সহ শিল্পী';'প্রচলিত (সিলেট অঞ্চলের)';'0'
'বনমালী তুমি পরজনমে হইও রাধা';'আমি মরিয়া হইবো শ্রীনন্দের নন্দন
 তোমাকে বানাবো আধা
 বনমালী তুমি পরজনমে হইও রাধা ।।

তুমি আমারই মতন কান্দিয়া কান্দিও
 কৃষ্ণ কৃষ্ণ নাম বদনে বলিও ।।
 যাইও যমুনার ঐ ঘাটে যাইও
 আমার রঙ্গটি ছিল কত সাদা
 বনমালী তুমি পরজনমে হইও রাধা ।।

তুমি আমারই মতন জ্বলিও জ্বলিও
 বিরহ কুসুম হার গলেতে পরিও ।।
 ঐ প্রেম না করিয়া
 ছিলেম তো ভাল
 আমার মনটি ছিল কত সাদা
 বনমালী তুমি পরজনমে হইও রাধা ।।

ভাবিয়া সরোজ কয়
 ঐ কৃষ্ণ ফদ
 প্রেমেরও মায়া ডরে বান্ধিও বান্ধিও ।।

তুমি বুঝবে তখন ।।
 নারীর কি বেদন
 রাধার প্রাণে ছিল কত ব্যথা
 বনমালী তুমি পরজনমে হইও রাধা ।।';'মলয় ঘোষ';'সুন্দর নাউয়ের মাঝি';'0'
'পাগল মন';'কে বলে পাগল
 সে যেনো কোথায়
 রয়েছো কতই দূরে
 মন কেন এতো কথা বলে ।।
 ও পাগল মন, মন রে
 মন কেন এতো কথা বলে

মনকে আমার যত চাইযে বুঝাইতে
 মন আমার চায় রঙের ঘোড়া দৌড়াইতে ।।
 পাগল মন রে
 মন কেন এতো কথা বলে
 ও পাগল মন, মন রে
 মন কেন এতো কথা বলে

আমি বা কে আমার মনটা বা কে
 আজো পারলাম না আমার মনকে চিনিতে ।।
 পাগল মন রে
 মন কেন এতো কথা বলে
 ও পাগল মন, মন রে
 মন কেন এতো কথা বলে

আশি তোলায় সের হইলে চল্লিশ সেরে মণ
 মনে-মনে এক মন না হইলে মিলবে না ওজন ।।
 পাগল মন রে
 মন কেন এতো কথা বলে
 ও পাগল মন, মন রে
 মন কেন এতো কথা বলে

কে বলে পাগল
 সে যেনো কোথায়
 রয়েছো কতই দূরে
 মন কেন এতো কথা বলে ।।
 ও পাগল মন, মন রে
 মন কেন এতো কথা বলে';'দিলরুবা খান';'আহমেদ কায়সার';'0'
'সবারে বাস রে ভালো,';'সবারে বাস রে ভালো,
 নইলে মনের কালো ঘুচবে নারে।
 আছে তোর যাহা ভালো ।।
 ফুলের মতো দে সবারে।
 নইলে মনের কালো ঘুচবে নারে।

করি’ তুই আপন আপন
 হারালি যা ছিল আপন; ।।
 এবার তোর ভরা আপন; …
 বিলিয়ে দে তুই যারে তারে।
 নইলে মনের কালো ঘুচবে নারে।

যারে তুই ভাবিস ফণী
 তারও মাথায় আছে মণি।।
 বাজা তোর
 বাজা তোর প্রেমের বাঁশি
 ভবের বনে ভয় বা কারে।
 সবাই যে তোর মায়ের ছেলে,
 রাখবি কারে, কারে ফেলে ।।
 একই নায়ে সকল ভাইয়ে …
 যেতে হবে রে ওপারে। 

নইলে মনের কালো ঘুচবে নারে।
 সবারে বাস রে ভালো,
 নইলে মনের কালো ঘুচবে নারে।';'কৃষ্ণা চট্টোপাধ্যায়';'অতুলপ্রসাদ সেন';'0'
'যখন সময় থমকে দাঁড়ায়';'যখন সময় থমকে দাঁড়ায়
 নিরাশার পাখি দু’হাত বাড়ায়
 খুঁজে নিয়ে মন নির্জন কোন
 কি আর করে তখন
 স্বপ্ন স্বপ্ন স্বপ্ন
 স্বপ্ন দেখে মন

যখন আমার গানের পাখি
 শুধূ আমাকেই দিয়ে ফাঁকি
 সোনার শিকলে ধরা দেয় গিয়ে
 আমি শূন্যতা ঢাকি
 যখন এঘরে ফেরে না সে পাখি
 নিস্ফল হয় শত ডাকাডাকি
 খুঁজে নিয়ে মন নির্জন কোন
 কি আর করে তখন
 স্বপ্ন স্বপ্ন স্বপ্ন
 স্বপ্ন দেখে মন

যখন এমনে প্রশ্নের ঝড়
 ভেঙ্গে দেয় যুক্তির খেলাঘর
 তখন বাতাস অন্য কোথাও
 শোনায় তার উত্তর
 যখন আমার ক্লান্ত চরন
 অবিরত বুকে রক্তক্ষরন
 খুঁজে নিয়ে মন নির্জন কোন
 কি আর করে তখন
 স্বপ্ন স্বপ্ন স্বপ্ন
 স্বপ্ন দেখে মন

যখন সময় থমকে দাড়ায়
 নিরাশার পাখি দু’হাত বাড়ায়
 খুঁজে নিয়ে মন নির্জন কোন
 কি আর করে তখন
 স্বপ্ন স্বপ্ন স্বপ্ন
 স্বপ্ন দেখে মন';'নচিকেতা';'এই বেশ ভাল আছি';'0'
'সে প্রথম প্রেম আমার নীলাঞ্জনা';'লাল ফিতে সাদা মোজা সু স্কুলের ইউনিফর্ম
 ন’টার সাইরেন সংকেত সিলেবাসে মনোযোগ কম
 পড়া ফেলে এক ছুট ছুট্টে রাস্তার মোড়ে, দেখে
 সাইরেন মিস করা দোকানীরা দেয় ঘড়িতে দম
 এরপর একরাশ কালো কালো ধোঁয়া
 স্কুল বাসে করে তার দ্রুত চলে যাওয়া

এরপর বিষন্ন দিন বাজেনা মনোবীণ
 অবসাদে ঘিরে থাকা সে দীর্ঘ দিন
 হাজার কবিতা বেকার সবই তা
 তার কথা কেউ বলে না
 সে প্রথম প্রেম আমার নীলাঞ্জনা

সন্ধ্যা ঘনাতো যখন পাড়ায় পাড়ায়
 রক থাকতো ভরে কিছু বখাটে ছোড়ায়
 হিন্দি গানের কলি সদ্য শেখা গালাগালি
 একঘেয়ে হয়ে যেত সময় সময়

তখন উদাস মন ভোলে মনরঞ্জন
 দাম দিয়ে যন্ত্রনা কিনতে চায়
 তখন নীলাঞ্জনা প্রেমিকের কল্পনা
 ওমনের গভীরতা জানতে চায়

যখন খোলা চুলে হয়তো মনের ভুলে
 তাকাতো সে অবহেলে দু’চোখ মেলে
 হাজার কবিতা বেকার সবই তা
 তার কথা কেউ বলে না
 সে প্রথম প্রেম আমার নীলাঞ্জনা

অংকের খাতা ভরা থাকতো আঁকায়
 তার ছবি তার নাম পাতায় পাতায়
 হাজার অনুষ্ঠান প্রভাত ফেরীর গান
 মন দিন গুনে এই দিনে আশায়

রাত জেগে নাটকের মহরায় চঞ্চল
 মন শুধু সে ক্ষনের প্রতিক্ষায়
 রাত্রির আঙ্গিনায় যদি খোলা জানালায়
 একবার একবার যদি সে দাড়ায়

বোঝেনি অবুঝ মন নীলাঞ্জনা তখন
 নিজেতে ছিলো মগণ এ প্রানপণ
 হাজার কবিতা বেকার সবই তা
 তার কথা কেউ বলে না
 সে প্রথম প্রেম আমার নীলাঞ্জনা';'নচিকেতা';'বিবিধ';'0'
'এই বেশ ভাল আছি';'এই বেশ ভাল আছি। এই বেশ ভাল আছি।
 এই বেশ ভাল আছি, কর্ম কাজ নেই, গাড়ি ঘোড়া কিছু নেই,
 অফিস কাছারি নেই, হাজিরা কামাই নেই,
 শব্দ বা পরিবেশ দূষণ বালাই নেই,
 সময় দেই না বলে তেলে বেগুণ জ্বলে গিন্নীর রাগ নেই,
 টেলিফোনে ডাক নেই, শহরেতে কারফিউ, লোকজন কেউ নেই,
 এক-চার-চার ধারা, ফুটপাথে থাকে যারা, কেউ কোথ্ থাও নেই,
 নেই নেই কিছু নেই, তবুও তো আছে কিছু, বলতে যা বাধা নেই–

দু নয়নে ভয় আছে, মনে সংশয় আছে,
 ঐ ধর্মের বাঘ হেসে, আবার উঠোনে এসে,
 আশ্রয় চেয়ে যায় মানুষেরই কাছে।
 তাই, ভয় আছে
 দু নয়নে ভয় আছে, মনে সংশয় আছে।

ভেঙে গেলে জোড়া যায় মন্দির মসজিদ,
 ভাঙা কাঁচ, ভাঙা মন যায় না,
 রাম আছে, শ্যাম আছে, কোরাণী সেলাম আছে,
 রক্তলোলুপ কিছু হয় না।
 এদেশ টা ফাঁকা আছে, বিদেশের টাকা আছে,
 ধর্ম না গ্রাস করে আমাদের পাছে।

তাই, ভয় আছে
 দু নয়নে ভয় আছে, মনে সংশয় আছে।

এই বেশ ভাল আছি। এই বেশ ভাল আছি।
 এই বেশ ভাল আছি, ভাবার সময় আছে, তবুও ভাবনা নেই,
 পার্কে তে ঘোরা নেই, সিনেমায় যাওয়া নেই,
 উঠতি যুবকদের যাতনার সীমা নেই,
 শিহরণ আনে প্রেমে এমন বাতাস নেই,
 যুবতীর কটাক্ষ, চীরে দেয় এ বক্ষ, হায়রে এমন দিনে
 সেই অবকাশ নেই, চাল নেই, ডাল নেই, পয়সার দাম নেই,
 তবুও টিভির স্ক্রীনে খেলার বিরাম নেই।
 নেই নেই কিছু নেই, তবুও তো আছে কিছু, বলতে যা বাধা নেই–

দু নয়নে ভয় আছে, মনে সংশয় আছে।';'নচিকেতা';'বিবিধ';'0'
'বৃদ্ধাশ্রম';'ছেলে আমার মস্ত মানুষ,মস্ত অফিসার
 মস্ত ফ্ল্যাটে যায় না দেখা এপার ওপার।
 নানান রকম জিনিস আর আসবাব দামী দামী
 সবচেয়ে কম দামী ছিলাম একমাত্র আমি।
 ছেলের আমার আমার প্রতি অগাধ সম্ভ্রম
 আমার ঠিকানা তাই বৃদ্ধাশ্রম!

আমার ব্যবহারের সেই আলমারি আর আয়না
 ওসব নাকি বেশ পুরনো,ফ্ল্যাটে রাখা যায় না।
 ওর বাবার ছবি,ঘড়ি-ছড়ি,বিদেয় হলো তাড়াতাড়ি
 ছেড়ে দিলো, কাকে খেলো, পোষা বুড়ো ময়না।
 স্বামী-স্ত্রী আর আ্যালসেশিয়ান-জায়গা বড়ই কম
 আমার ঠিকানা তাই বৃদ্ধাশ্রম!

নিজের হাতে ভাত খেতে পারতো নাকো খোকা
 বলতাম আমি না থাকলে কি করবি রে বোকা?
 ঠোঁট ফুলিয়ে কাঁদতো খোকা আমার কথা শুনে-
 খোকা বোধ হয় আর কাঁদে না,নেই বুঝি আর মনে।
 ছোট্টবেলায় স্বপ্ন দেখে উঠতো খোকা কেঁদে
 দু’হাত দিয়ে বুকের কাছে রেখে দিতাম বেঁধে
 দু’হাত আজো খুঁজে,ভুলে যায় যে একদম-
 আমার ঠিকানা এখন বৃদ্ধাশ্রম!

খোকারও হয়েছে ছেলে,দু’বছর হলো
 তার তো মাত্র বয়স পঁচিশ,ঠাকুর মুখ তোলো।
 একশো বছর বাঁচতে চাই এখন আমার সাধ
 পঁচিশ বছর পরে খোকার হবে ঊনষাট।
 আশ্রমের এই ঘরটা ছোট,জায়গা অনেক বেশি-
 খোকা-আমি,দু’জনেতে থাকবো পাশাপাশি।
 সেই দিনটার স্বপ্ন দেখি ভীষণ রকম
 মুখোমুখি আমি,খোকা আর বৃদ্ধাশ্রম!
 মুখোমুখি আমি,খোকা আর বৃদ্ধাশ্রম!
 মুখোমুখি আমি,খোকা আর বৃদ্ধাশ্রম!';'নচিকেতা';'বিবিধ';'0'
'মোদের গরব মোদের আশা আ মরি বাংলা ভাষা';'আ মরি বাংলা ভাষা
 মোদের গরব, মোদের আশা, আ মরি বাংলা ভাষা ।।
 মাগো তোমার কোলে, তোমার বোলে, কতই শান্তি ভালবাসা ।।
 আ মরি বাংলা ভাষা!
 মোদের গরব, মোদের আশা, আ মরি বাংলা ভাষা

কি যাদু বাংলা গানে! গান গেয়ে দাঁড় মাঝি টানে ।।
 গেয়ে গান নাচে বাউল ।। গান গেয়ে ধান কাটে চাষা ||
 আ মরি বাংলা ভাষা!
 মোদের গরব, মোদের আশা, আ মরি বাংলা ভাষা!

ঐ ভাষাতেই নিতাই গোরা, আনল দেশে ভক্তি-ধারা।।
 আছে কৈ এমন ভাষা ।। এমন দুঃখ-শ্রান্তি-নাশা ||
 আ মরি বাংলা ভাষা!
 মোদের গরব, মোদের আশা, আ মরি বাংলা ভাষা!

বিদ্যাপতি, চণ্ডী, গোবিন, হেম, মধু, বঙ্কিম, নবীন :
 ঐ ফুলেরই মধুর রসে ।। বাঁধলো সুখে মধুর বাসা ||
 আ মরি বাংলা ভাষা!
 মোদের গরব, মোদের আশা, আ মরি বাংলা ভাষা!

বাজিয়ে রবি তোমার বীণে, আনলো মালা জগত্ জিনে ।।
 তোমার চরণ-তীর্থে আজি ।। জগত্ করে যাওয়া-আসা ||
 আ মরি বাংলা ভাষা!
 মোদের গরব, মোদের আশা, আ মরি বাংলা ভাষা!

ঐ ভাষাতেই প্রথম বোলে, ডাকনু মায়ে ‘মা, মা’ ব’লে ।।
 ঐ ভাষাতেই বলবো হরি, আমি ঐ ভাষাতেই বলবো হরি
 সাঙ্গ হ’লে কাঁদা হাসা ||
 আ মরি বাংলা ভাষা!
 মোদের গরব, মোদের আশা, আ মরি বাংলা ভাষা!';'সংযুক্তা ভাদুরী';'অতুল প্রসাদ সেন';'0'
'তোমরা কইও গো বুঝাইয়া';'তোমরা কইও গো বুঝাইয়া
 প্রাণ বন্ধু মোর আসবে কী গো
 আমি যদি যাই মরিয়া !

জৈষ্ঠ গেলো আষাঢ় গেলো শ্রাবণ ফুরাইলো
 কারে দিবো সোনার যৌবন
 না আসলে ফিরিয়া
 হায়গো-প্রাণ বন্ধু মোর আসবে কী গো
 আমি যদি যাই মরিয়া !

তুমরা তো বুঝাও গো সখি
 মনে তো বুঝে না
 দেইখা আইলাম বন্ধুর বাসর
 ফুলে ফুলে ভরা
 হায়গো-প্রাণ বন্ধু মোর আসবে কী গো
 আমি যদি যাই মরিয়া !

কালো রুপের জ্বালা সখি
 বুঝিবে কেমনে ।।
 যে দেইখাছে সে মইরাছে
 জানে আমার মনে
 হায়গো-………
 প্রাণ বন্ধু মোর আসবে কী গো
 আমি যদি যাই মরিয়া !

তুমরা যদি দেখতে সখি
 আমারই নয়নে ।।
 কুলো মান ছাড়িয়া যাইত
 পাগলিনী হইয়া 

তোমরা কইও গো বুঝাইয়া
 প্রাণ বন্ধু মোর আসবে কী গো
 আমি যদি যাই মরিয়া !

সুত্রঃ-ক্ষুদে গানরাজ প্রতিযোগিতায় প্রথম শোনা গান, আসল শিল্পীর নাম জানিনা।';'টিপু সুলতান';'বন্যা';'0'
'আইজ পাশা খেলবো রে শ্যাম';'ও শ্যাম রে তোমার সনে
 একেলা পাইয়াছি রে শ্যাম
 এই নিঠুর বনে
 আইজ পাশা খেলবো রে শ্যাম 

একেলা পাইয়াছি হেতা পলাইয়া যাবে কোথায় ।।
 চৌদিকে ঘিরিয়ারে রাখবো ।।
 সব সখি সনে
 আইজ পাশা খেলবো রে শ্যাম 

আতর গোলাপ চন্দন মারো বন্ধের গায় ।।
 ছিটাইয়া দাও ছোয়া চন্দন ।।
 ঐ রাঙ্গা চরণে
 আইজ পাশা খেলবো রে শ্যাম 

দীনহীন আর যাবে কোথায়
 বন্ধের চরণ বিহনে ।।
 রাঙ্গা চরণ মাথায় নিয়া দীন হীন কান্দে ।।
 আইজ পাশা খেলবো রে শ্যাম 

ও শ্যাম রে তোমার সনে
 একেলা পাইয়াছি রে শ্যাম
 এই নিঠুর বনে
 আইজ পাশা খেলবো রে শ্যাম';'সেলিম চৌধুরী';'বিবিধ';'0'
'আমি বাংলাদেশের আজম খান';'আমি বাংলাদেশের আজম খান
 বাংলাতে গাই পপ গান
 জারি সারি ভাটিয়ালী
 এক মায়ের সন্তান ।।
 আমি আজম খান

আমি বাংলাদেশের আজম খান
 বাংলাতে গাই পপ গান
 জারি সারি ভাটিয়ালী
 এক মায়ের সন্তান ।।
 আমি আজম খান

সালেকা মালেকা ওরা হইছে এখন বুড়ি
 গুলশানেতে করছে বাড়ি টাকা কাড়ি কাড়ি ।।
 ফুলবানু’র ও বাড়ছে এখন কদর ও সম্মান
 জাফরানি জর্দা দিয়া খায় সাচি পান
 আমি আজম এখনো গাই বাংলাতে পপ গান
 আমি আজম খান

আলাল দুলাল আগের মত নাই তো আর পাজি
 ওদের বাবা মাল কামাইতে হইছে এখন রাজি ।।

আলাল দুলাল ব্যবসা করে সিংগাপুর গিয়া
 হাজি চান গাড়ি হাকান সাইকেল ছাড়িয়া
 আমি আজম এখনো গাই বাংলাতে পপ গান
 আমি আজম খান

আমি বাংলাদেশের আজম খান
 বাংলাতে গাই পপ গান
 জারি সারি ভাটিয়ালী
 এক মায়ের সন্তান ।।
 আমি আজম খান';'আজম খান';'২০১০';'0'
'মধুর আমার মায়ের হাসি';'মধুর আমার মায়ের হাসি
 চাঁদের মুখে ঝরে
 মাকে মনে পড়ে আমার
 মাকে মনে পড়ে ।।

তার মায়ায় ভরা সজল বীথি
 সেকি কভু হারায়
 সে যে জড়িয়ে আছে
 ছড়িয়ে আচ্ছে
 সন্ধ্যা রাতের তারায়
 সেই যে আমার মা ।।
 বিশ্ব ভূবন মাঝে তাহার নেই কো তুলনা 

মধুর আমার মায়ের হাসি
 চাঁদের মুখে ঝরে
 মাকে মনে পড়ে আমার
 মাকে মনে পড়ে ।।

তার ললাটের সিঁদুর দিয়ে
 ভোরের রবি উঠে
 আলতা পড়া পায়ের ছোয়ায়
 রক্ত কমল ফোটে ।।

প্রদীপ হয়ে মোর শিয়রে
 কে জেগে রয় দুখের ঘরে
 সেই যে আমার মা ।।
 বিশ্ব ভূবন মাঝে তাহার নেই কো তুলনা 

মধুর আমার মায়ের হাসি
 চাঁদের মুখে ঝরে
 মাকে মনে পড়ে আমার
 মাকে মনে পড়ে ।।';'কাদেরী কিবরিয়া';'সুধীর লাল চক্রবর্তী';'0'
'গণিত অলেম্পিয়াডের গান';'মন মেলে শোন্, শুনতে পাবি বিজয়ের আহবান
 গণিতের ধ্বনিতেই বাজে ঐ মুক্তির জয়গান
 গণিতের প্রতি আছে যতো ভীতি আজ হবে সব দূর,
 আজ লক্ষ প্রাণের ঐকতানে বাজবে একই সুর—

আয় আয় আয় কে স্বপ্ন দেখবি আয়
 আয় আয় আয় গণিতের আঙ্গিনায়
 আয় আয় আয় কে দেশটা গড়বি আয়
 আয় আয় আয় গণিতের আঙ্গিনায়

একটি মানুষ দেখলে ম্বপ্ন, স্বপ্ন তারে কয়
 দুজন দেখলে একই স্বপ্ন সেও তো স্বপ্ন রয়
 যদি লক্ষ কোটি প্রাণ দোলে একই স্বপ্ন মূর্ছনায়
 সে আর তখন থাকেনা স্বপন, সত্যি হয়ে যায়।
 আয় গণিতের পথ বেয়ে, আয় নবীনেরা সব ধেয়ে
 দ্যাখ, আশা নিয়ে এক জাতি আছে আজ তোদেরই পানে চেয়ে
 এই দেশ জাগাবি গণিতের জীয়ন কাঠির ছোঁয়ায়

আয় আয় আয় কে স্বপ্ন দেখবি আয়
 আয় আয় আয় গণিতের আঙ্গিনায়
 আয় আয় আয় কে দেশটা গড়বি আয়
 আয় আয় আয় গণিতের আঙ্গিনায়

কত না ধাঁধা গণিতের বাধা যেতে হবে পেরিয়ে
 সংখ্যার বৈচিত্রের মাঝে যাবি নাকি হারিয়ে?
 যদি দেশপ্রেম বুকে, গণিতে সুখে করিস বিচরণ
 একদিন সত্যিই মিলে যাবে এ দেশের সমীকরণ
 আর নেই কোন সংশয়, আজ গণিত করবি জয়
 গণিতের ভাষাতে রাখবি বিশ্বে স্বদেশের পরিচয়
 আমরাও পারি যে হতে সেরা বিশ্ব দেখবে তা-ই…

আয় আয় আয় কে স্বপ্ন দেখবি আয়
 আয় আয় আয় গণিতের আঙ্গিনায়
 আয় আয় আয় কে দেশটা গড়বি আয়
 আয় আয় আয় গণিতের আঙ্গিনায়।';'চমক হাসান';'চমক হাসান';'0'
'লাল পাহাড়ের দেশে যা';'লাল পাহাড়ের দেশে যা
 রাঙ্গামটির দেশে যা
 ইত্থাক তুকে মানাইছে না রে
 ইক্কেবারে মানাইছে না রে

লাল পাহাড়ি দেশে যাবি
 হাঁড়ি আর মাদল পাবি
 মেয়ে মরদের আদর পাবি রে
 ও নাগর… ও নাগর…
 ইক্কেবারে মানাইছে না রে

লাল পাহাড়ি দেশে যা
 রাঙ্গামটির দেশে যা
 ইত্থাক তুকে মানাইছে না রে
 ইক্কেবারে মানাইছে না রে

নদীর ধারে শিমুলের ফুল
 নানা পাখির বাসা রে নানা পাখির বাসা
 সকালে ফুটিবে ফুল মনে ছিল আশা রে
 এমন ছিল আশা

তুই ভালোবেসে গেলি চলে
 কেমন বাপের ব্যাটা রে তুই কেমন ব্যাটা?
 লাল পাহাড়ি দেশে যা
 রাঙ্গামটির দেশে যা
 ইত্থাক তুকে মানাইছে না রে
 ইক্কেবারে মানাইছে না রে

ভাদর মাসে ভাদু পূজা
 ভাদু গানের ঘটা
 ঐ কালো মেয়েটার মন মজেছে
 গলায় দিব মালা রে
 তার গলায় দিব মালা

তুই মরবি তো মরে যা
 ইকেবারে মরে যা মরবি তো মরে যা
 ইকেবারে মরে যা
 ইত্থাক তুকে মানাইছে না রে
 ও নাগর… ও নাগর…
 ইক্কেবারে মানাইছে না রে';'ভূমি';'বিবিধ';'0'
'ময়না ছলাৎ ছলাৎ চলে রে';'ময়না ছলাৎ ছলাৎ চলে রে
 পিছন পানে চায়না রে
 মন ধুকপুক ধুকপুক করে রে
 তোর লাগি উতলা রে
 শাল পিয়ালের বন থিক্যা
 ওই জংলা নদীর পাড়েতে
 তোর সঙ্গ লই ঘুরঘুর করুম
 এই বাসনা প্রানে
 ময়না ছলাৎ ছলাৎ।।

দূর-দূর তোর এই মনটা লইয়া
 যাবো বাগানটায়
 লাল হলুদ ফুল দিয়া মুই বাঁন্ধিবো খোপায়।

সাধের পিরতিমা কইর‌্যা রাখুম চোখের তারাটায়
 রানী হইয়া রইবি মোর এই হু-হু-হু-হু পরানটায়।।

মন চায় তোরে রাখুম ধরে জাপট দিয়া, হায়,
 চাঁন্দ তারা তোর লাগি আনুম হুকুম টায়।

সাধের প্রতিমা কইর‌্যা রাখুম চোখের তারাটায়
 রানী হইয়া রইবি মোর এই হু-হু-হু-হু পরানটায়।।';'স্বাগত দে';'সনৎ বসু';'0'
'পালাই পালাই';'চৌরাস্তার মোড়
 আঁধারের ঘুম
 পালাই পালাই
 খোলা চোখ চুরি করে
 পালাই পালাই

গোলাকার একা বৃত্তের
 পতিত প্রশ্ন মানব
 শুকনো পক্ষের শেষ রাতে
 লেখা চিরকুট
 হারিয়ে গেছে বলে
 গন্তব্য জানা নেই

গোলকধাঁধায় গন্তব্যহীন খোলা চোখ
 চিরকুট সন্ধানে ঘুম ছেড়ে দিগন্তে
 পালাই পালাই
 ঢোল পূর্ণিমার রাতে মিলবে গিয়ে পথ
 আর হারানো চিরকুট
 প্রশ্ন মানবের কাছে
 কোনো উত্তর জানা নেই';'শারমিন আহমেদ ও মিশু খান';'স্বপ্ন-সময়-সম্মোহন';'0'
